# This file uses centimeters as units for non-parametric coordinates.

g default
v -6.257336 4.407131 -1.703642
v -2.917305 13.597372 -4.351434
v 1.893000 2.781296 -5.633333
v -1.129822 8.911350 -7.595997
v -1.056723 12.860998 5.048540
v 5.049445 2.449580 0.155509
v -5.577200 9.103803 -5.518078
v 3.890737 10.534899 -6.712772
v 4.221545 12.606596 -3.038970
v 2.919974 1.602194 4.403574
v -2.765790 1.619915 4.202563
v 7.378131 6.788247 -0.861077
v -4.845174 13.932829 0.193832
v -2.302781 0.597475 -2.023629
v -5.981394 13.067807 0.931077
v 2.724651 14.305807 -0.550056
v -0.477957 7.119353 -6.605833
v -6.843577 6.760298 -1.200780
v 0.117119 3.022679 6.268571
v -4.560369 5.499989 -6.062462
v 5.533716 7.675477 5.289983
v 1.625441 1.223375 -5.404515
v -2.135181 9.900893 7.664752
v 4.711164 2.040578 -1.563404
v -7.169479 11.738946 -2.273415
v 3.630720 6.483220 -6.255696
v -6.468669 9.387736 2.292118
v 6.138193 6.879541 -4.195692
v -3.733564 2.301801 3.747958
v -1.231868 14.638374 -3.862218
v -0.618069 1.701408 3.759708
v 3.632357 13.714801 0.891566
v -6.603400 4.941194 -2.920409
v -0.451599 14.926863 -3.542615
v -3.200976 4.961073 6.064492
v 6.599262 9.580875 -1.729749
v -6.238651 12.113284 -2.676004
v 4.787140 2.567726 -2.309798
v 2.047431 12.024272 5.408449
v -2.221675 1.807215 -4.380343
v 6.641787 8.227064 -5.331338
v -4.953959 12.651276 3.395294
v -0.031085 0.128519 1.232466
v -2.336867 13.986254 3.326674
v 1.084953 9.808179 -7.436798
v 3.948166 5.295732 6.764436
v -0.748080 14.575156 1.940134
v 0.167319 5.939541 -6.269140
v 5.724666 6.255573 5.070256
v 3.337932 13.575489 -1.057474
v -6.604165 4.229280 1.978894
v 3.652210 1.522998 -3.795089
v 2.736437 8.096412 7.182285
v -6.779486 5.824216 -2.271015
v 1.267332 15.223620 -2.756860
v -0.296309 1.966861 -5.225358
v -6.794466 8.739901 0.244880
v 3.039013 15.282856 0.087560
v -7.214629 9.835201 -0.774348
v 2.996741 3.710770 -6.588767
v 0.402776 15.111902 0.824339
v -3.518333 11.949988 -4.707989
v 5.052048 3.910060 5.388563
v -2.759405 0.789378 -0.153018
v 1.141543 12.768682 -5.513177
v 3.446223 7.502686 7.785646
v -4.109304 12.387804 -3.621924
v 2.620788 8.880135 -6.746912
v -6.006196 11.572050 2.904154
v -1.844954 15.551049 1.869245
v 6.160552 4.180593 1.283101
v -7.246599 9.041273 -1.934072
v 0.677949 6.270154 7.700469
v 5.369314 3.663878 -4.307723
v -4.488488 14.787396 0.826982
v -1.863860 6.976562 7.315926
v 2.895196 15.013295 2.015136
v -1.216758 10.010026 -7.782260
v 1.478722 5.381995 7.702319
v 1.886702 10.966828 -6.561743
v -2.418654 14.751936 1.433982
v 4.997825 10.586512 3.508473
v -1.135280 13.464939 -6.362852
v 5.365983 4.627464 -4.585196
v 4.562342 12.384725 -0.458370
v -1.905858 14.932689 -0.250170
v 5.678387 4.852506 -3.827132
v 0.232529 14.694419 -4.108215
v -0.668220 12.134542 6.049428
v 7.693485 7.383253 2.187340
v -0.863587 15.103797 -4.473045
v 0.336345 1.942877 4.709385
v 6.079844 9.510845 3.182391
v 0.627014 7.276626 -7.025860
v -4.586374 8.314561 5.481496
v 5.433475 10.452262 1.783759
v -5.900491 9.210311 4.767247
v 1.257746 5.360268 -7.155039
v -5.470791 7.903870 4.458816
v -7.052421 11.095569 -1.652350
v -6.839569 4.759106 -1.000923
v 1.185779 3.375430 -6.704541
v -6.638140 5.356290 -0.182249
v 5.543189 10.218684 -5.715499
v -6.524049 7.096193 1.977897
v -2.774472 1.833750 -2.933020
v 1.873760 7.066475 -6.266700
v -0.231202 0.416723 -2.949203
v -5.918006 4.936374 2.255268
v 0.747144 0.845019 -2.617350
v 1.724674 7.279824 -7.220993
v -5.991812 5.491014 3.651713
v 3.671083 12.703497 2.577604
v 2.152435 5.570577 -6.748038
v -6.946373 8.626315 -3.876902
v -5.110401 1.943079 1.855339
v 0.259141 4.251797 -6.554183
v -1.669385 14.241771 2.698755
v -3.659244 8.003532 6.792500
v 1.293556 15.625973 1.203300
v 4.992412 6.775140 -6.425816
v 1.870508 0.773290 0.725432
v -0.795282 6.356786 -6.962389
v 4.338819 7.849887 -7.058484
v -1.384692 5.512857 -6.812593
v 0.558796 0.940729 2.286908
v -4.186814 7.389466 -6.372343
v 6.885510 9.009335 -3.537793
v 4.523393 5.343845 6.035919
v 5.821891 6.603352 -4.947363
v -3.706978 3.508157 -4.944516
v 0.693041 13.411291 4.301067
v 7.378340 8.074820 1.384116
v -1.981274 3.861729 -6.476829
v 6.819724 6.039638 1.646920
v 1.694120 14.999013 2.974369
v 6.660352 7.325633 3.060962
v -3.863669 11.912342 5.208536
v 6.002910 8.561509 3.497819
v -4.777024 11.450868 5.141971
v -4.247908 1.289387 -0.816764
v -1.929925 9.506266 -7.704312
v -1.682263 11.395103 6.719199
v -6.835716 3.730796 0.993111
v -2.658982 14.105070 -1.668672
v -4.403970 12.468303 4.950706
v -1.506445 14.212342 -4.627801
v 5.024341 11.737493 -3.139890
v -5.694798 3.002840 -0.481068
v -6.616985 5.099316 1.218638
v 6.323601 7.205280 -1.438275
v 5.862422 11.293670 0.081347
v -5.733401 5.267646 0.590282
v 6.811448 6.300138 -2.071409
v 5.505044 11.060515 -1.064176
v 6.054105 3.254853 -0.773438
v -5.358217 1.971000 0.377196
v 4.626054 12.565711 -1.324830
v 5.748796 3.844394 -2.119667
v -3.158873 0.827796 0.858155
v 3.937606 10.433747 4.946368
v 0.527463 2.236798 -5.490331
v -3.263595 7.350121 -6.658829
v 3.925964 12.961396 -0.663116
v 4.304482 7.650583 6.452907
v 1.995580 3.202789 5.880628
v 1.530177 0.381646 2.030290
v -5.953080 7.348186 -4.311973
v 0.584820 5.067054 7.977748
v -0.280161 3.785992 7.085006
v -5.202794 5.203634 -4.904227
v 2.087869 3.892329 6.093603
v 1.174775 4.173525 -6.572668
v -2.058909 0.918727 1.162206
v -5.345413 3.116721 3.328454
v -7.360158 10.603713 -1.038836
v 0.435713 0.564955 1.352486
v 2.997593 6.666979 -7.044748
v -6.221890 13.395311 -0.517742
v 3.166148 2.590698 4.562604
v 2.281740 14.292598 -1.994921
v 1.985342 1.718894 3.990876
v -4.915986 11.087403 -4.626641
v 2.199486 14.236186 -3.994611
v -6.947672 8.018258 -0.156651
v -4.970750 13.407611 -1.702225
v -1.775110 0.849988 0.178563
v -6.653838 8.426808 0.979030
v -0.735856 4.012119 6.601771
v 5.989180 10.791271 -3.890919
v 3.670063 1.933590 -2.523519
v 6.063597 8.983709 -5.393645
v 2.164055 9.777066 6.831404
v 3.800326 4.858068 6.053269
v 2.878050 10.506867 -6.511450
v 4.464088 5.913326 -6.347165
v 5.042554 3.614595 3.934594
v -0.440573 10.913755 -7.467949
v 6.627311 10.731257 -1.224472
v -4.464816 14.313254 1.734674
v 4.009048 1.986602 3.277270
v 6.393783 10.474582 0.903137
v -0.273173 10.996911 7.294875
v -6.311985 7.246943 3.110184
v -2.805830 2.455575 -4.195777
v -3.107470 11.426392 5.788943
v -7.616582 9.001177 -0.246216
v 4.894773 11.338491 2.575527
v 3.391571 11.601237 -5.141430
v 6.717147 5.528224 0.992771
v -2.441529 6.495794 6.902381
v 1.911255 9.763905 -7.100636
v -4.278807 2.182230 -2.396983
v 7.314059 5.945512 -0.522886
v -4.600192 2.035441 -3.325559
v 2.001090 7.725338 -7.603747
v 0.200561 15.190850 -0.004738
v -5.009212 3.211456 -3.992122
v 2.350764 7.142498 -6.767321
v -0.980135 5.698893 6.789285
v 0.812491 13.478573 -5.317039
v 6.274944 5.249030 2.923772
v -1.677351 15.429525 0.585715
v -6.090870 3.213356 0.783242
v 5.838615 5.355050 3.845767
v -6.764516 7.868608 -1.684530
v -0.094819 7.711515 7.465241
v 6.565898 4.459255 1.947582
v -0.162885 6.915184 6.989357
v -6.511587 6.214279 -1.719407
v -2.810928 15.173668 2.418906
v -0.713278 6.121675 7.332524
v -5.432228 4.970783 3.753540
v 0.866833 0.662471 -0.377196
v -4.915901 10.291368 -5.483755
v 6.847505 8.022572 -0.835221
v 5.995741 3.851072 3.005335
v -4.517306 9.154853 -6.260109
v -3.321915 9.278233 -6.322606
v -3.215694 13.157856 3.792718
v 1.389206 10.958699 6.281109
v -5.766469 9.503652 -4.870031
v -5.188164 9.856341 6.056794
v -1.383398 7.130376 -7.455611
v -6.331142 10.024590 -4.466251
v -5.697520 6.238012 4.352319
v -4.084447 4.284917 -6.083562
v -6.330446 10.784502 -3.612818
v 7.359752 9.630350 -0.134422
v -5.031782 12.478440 -2.941591
v -3.965801 6.912994 6.267956
v 6.110915 10.249058 -2.270813
v 7.469005 6.768553 0.214024
v 2.662606 12.282487 -5.290161
v 4.033823 2.477261 -3.845900
v -6.202095 7.346227 2.264365
v 0.596740 12.733969 -6.354554
v -6.081306 10.473528 1.825359
v 4.317515 3.359207 -4.640487
v -5.201518 13.104588 1.937527
v -6.696030 6.128612 2.089199
v -2.008179 0.389060 -0.549033
v 0.996107 8.811167 -7.315213
v -6.243745 6.549037 2.573104
v 5.123853 6.311121 -5.657165
v -3.800666 13.856641 -1.351057
v 6.127622 5.946294 -4.984962
v -6.287158 7.208013 0.951125
v -5.078091 13.985092 -0.939928
v 3.525570 4.534089 -6.327641
v 5.128024 4.745588 4.794710
v -2.494560 14.541108 -4.033079
v 4.511835 8.691538 -6.576914
v -6.562593 11.695022 0.906732
v 0.043955 3.494455 -5.856339
v 4.379071 10.548936 -6.214108
v -5.540160 13.399858 -0.101812
v 1.702866 15.390127 -0.292339
v 3.318846 3.547732 5.627814
v -6.347325 12.379955 -0.047125
v 2.591330 0.590734 -0.302347
v 2.802837 4.207443 6.581658
v 5.821994 7.302990 4.270269
v 0.138309 13.274662 4.698850
v 5.802532 11.143700 0.869949
v 5.653121 8.085170 3.601358
v -2.455778 12.043565 -6.718493
v 6.439952 8.240628 2.279335
v 4.876071 11.489354 0.545017
v -0.321225 14.690142 -0.964934
v 4.652231 11.899796 1.582714
v -2.976748 10.532970 -5.905347
v 5.521255 2.592857 0.622611
v -2.793644 11.007773 -6.582402
v 4.913089 12.449541 1.184409
v -6.133061 11.370943 -3.698914
v -0.094739 2.788311 -5.990965
v 3.266137 5.278588 7.544438
v -3.578044 10.296264 6.153247
v -3.686302 1.616543 3.224339
v 0.402061 8.086353 -8.103532
v -5.054480 13.907137 1.457497
v -2.912055 0.628921 1.912018
v -0.268967 8.281956 -7.613094
v -0.227390 1.368773 -4.375216
v -3.308097 1.406642 1.919771
v 1.643210 0.972567 -4.020458
v 0.849149 10.140667 6.983152
v 2.330034 1.655838 -4.952784
v -3.529406 5.230425 6.236444
v 1.677564 6.392908 7.049636
v 0.992968 0.226010 -3.951104
v -4.621325 13.249957 -2.838252
v 0.569564 8.822171 7.078410
v 4.653271 4.200849 -4.522310
v 5.254643 12.138772 -0.401051
v 1.802014 7.467793 7.248496
v 0.778219 15.014536 0.238434
v 2.282641 0.760005 -1.889793
v 0.888421 7.284658 8.127469
v 2.249228 1.010926 -3.731997
v 1.217680 6.082852 7.634304
v 2.307696 0.501281 -3.398735
v 4.062187 13.572244 -1.895843
v -6.270982 8.136562 3.813211
v -0.292586 0.700625 -1.885295
v -2.336794 13.076649 -5.062332
v -2.382155 1.019318 3.337459
v 0.139692 0.512294 -2.526226
v -0.628501 14.138709 -4.762177
v -3.588886 4.236947 5.910699
v 6.851077 9.179769 -0.553277
v -2.137347 1.551533 4.556694
v 7.250566 5.048577 -0.485050
v 2.731023 0.402501 -1.090523
v 6.460705 4.913146 -1.197369
v -2.852722 2.565546 4.580682
v 6.472578 4.649732 -0.164626
v -0.665667 2.137295 5.274917
v 3.387551 14.267455 3.061262
v 0.455950 6.186746 -7.180398
v -1.486539 0.246090 0.850275
v -2.213109 2.958120 5.799730
v -6.503587 6.307738 1.095059
v 2.159011 0.899612 2.528338
v -6.978662 5.471334 1.162346
v -1.971182 3.908761 6.121387
v 2.327623 15.117865 0.065136
v 2.626096 5.390781 -6.954319
v -6.104854 3.640764 -3.176233
v 0.161534 9.854429 7.683825
v 5.427055 3.222026 -3.415875
v -1.271534 6.488425 -7.594048
v -2.286413 14.344438 -1.853426
v 0.876359 11.968270 6.093722
v -3.167058 6.228416 -6.572279
v 2.198280 2.289792 5.295177
v 5.178411 5.682254 6.001108
v -3.731334 5.356668 -6.168678
v -6.330357 6.155158 -1.035165
v 4.197481 3.906018 5.667204
v -1.550856 14.748404 0.981083
v -6.151964 12.420395 -1.612628
v -1.922757 11.152209 -6.821579
v 5.157102 10.063560 3.650012
v -4.049608 14.442673 2.284509
v -1.292533 10.466711 -6.878799
v 0.981148 3.120529 6.771287
v 2.721334 1.024317 2.196215
v -0.524445 9.904841 -7.380177
v -3.519519 4.131244 -5.593450
v 6.338543 10.311158 0.129800
v 3.786479 7.251279 -6.812577
v -1.476744 2.802352 5.930588
v 2.695024 13.818205 3.255137
v -3.443605 13.504598 -3.384871
v 0.011129 2.678917 5.634598
v -3.881130 14.906272 0.211050
v -4.337111 11.677193 -4.855330
v 0.384719 1.879236 5.800445
v 1.017494 11.794229 -6.503667
v 4.033907 3.278650 -5.551055
v 1.518831 10.852675 -6.435255
v 0.818438 2.506722 5.426220
v -5.677298 3.416592 -2.601672
v 0.570349 14.744019 -2.008646
v -2.737071 13.624684 3.170197
v 2.805819 1.011649 -1.212284
v 3.490699 13.703776 -2.928950
v -3.131223 15.106325 -0.378651
v 3.513852 3.043004 -4.504694
v 2.537471 13.638123 -3.224498
v 3.587039 9.055056 -6.639157
v 7.022201 8.543727 -1.125984
v 2.702485 13.381107 -4.003628
v -3.234446 11.889975 -5.616867
v 1.460715 2.055071 -5.532352
v 2.972949 12.731366 -4.813937
v -1.919246 12.255798 -6.256834
v -0.345171 8.948210 7.678185
v 3.251879 12.610109 -4.307250
v 1.265091 14.421073 -3.281475
v 6.807238 8.291017 -4.303420
v -1.660755 4.494143 6.257398
v 1.756879 14.726246 -2.582431
v 5.591722 10.627479 -4.223076
v 6.573614 4.370272 -2.688009
v -7.010354 9.547389 -3.492210
v 7.193179 9.217691 -4.376758
v 6.458385 5.785257 -3.882664
v -7.167542 8.353696 -2.911341
v 6.498953 9.752743 -3.628227
v -5.118351 11.043208 4.285398
v -0.581904 12.801103 -6.583879
v -4.770472 11.823937 3.545381
v 6.659895 9.159309 -4.644672
v -5.774523 12.077090 2.199057
v -1.093234 11.835642 -6.235823
v 3.724671 14.628221 1.074270
v -6.371023 7.704367 -3.376543
v 4.019867 13.757142 0.069302
v -0.258735 11.888293 -6.373227
v 3.637156 12.043164 4.087868
v 6.098951 11.547652 -2.270572
v 5.061057 2.535807 2.325117
v -1.985476 1.109557 2.570003
v 4.642031 12.155439 -2.192946
v -0.580799 0.782382 2.059060
v 4.683946 10.965842 -6.136196
v -4.789629 4.770910 4.453147
v -0.601812 3.290377 -5.885767
v 5.705689 3.542130 1.245670
v -5.037565 5.776092 4.535235
v 3.469325 1.272081 -1.008555
v -1.184960 11.957621 5.547199
v -7.680310 10.991603 -2.318387
v 4.081357 1.826874 1.581873
v 5.133997 5.310213 4.523828
v 3.613700 10.224023 5.645263
v -6.309502 3.894998 0.208102
v 3.401331 1.776854 2.091933
v 4.191926 8.693168 6.190938
v 2.504382 0.811900 2.890937
v 0.257798 9.602129 -7.436863
v 3.956406 2.488081 3.295135
v 4.267015 13.029347 -0.124109
v -3.017518 9.891197 -6.701367
v 3.793550 13.295259 1.887313
v 4.238036 2.511300 3.814029
v -0.795684 7.622482 -7.128509
v 3.745092 14.008466 1.247782
v -4.067005 10.914183 -5.455395
v -3.056597 12.398629 4.767525
v 2.891229 9.504351 -6.791661
v -3.636936 10.162409 -6.590158
v 3.218209 8.482847 6.810506
v -6.035100 3.462328 1.937929
v -7.211725 7.368522 0.433544
v -6.134480 3.935057 3.163729
v -4.595341 4.079681 -4.443536
v -5.620636 3.332039 1.511605
v -1.187538 14.181392 -2.118279
v 6.185342 3.939207 -1.384356
v -5.652816 2.693876 1.425174
v 7.024309 9.141324 1.317033
v 0.531339 4.246627 6.799484
v 1.279505 0.312838 3.013090
v 0.585785 0.537543 -3.337317
v 5.437735 2.923148 -1.219422
v 0.907945 7.020725 -6.368554
v 6.845965 7.726291 -2.663218
v -3.106103 14.192914 -2.288931
v -4.201114 1.492395 2.298420
v 3.027889 14.390280 -2.502301
v 7.206238 6.807818 1.601161
v 2.894757 14.360820 -1.801777
v 4.130303 5.940438 6.123431
v -0.024317 7.547545 -7.410733
v 4.524394 6.284821 5.994901
v -1.322214 0.421604 -1.538494
v -5.219946 12.978702 -1.660417
v -0.218919 0.430822 -1.185924
v -6.694108 6.271163 0.140803
v -3.112701 10.757365 7.429599
v 6.926691 5.724722 -2.554166
v -3.404259 10.043260 6.973867
v -5.028062 4.579487 -3.954905
v -6.141246 4.909400 -3.973845
v -4.262845 10.290196 5.773206
v -6.644855 8.848536 2.784722
v 6.221796 10.764415 -2.864549
v -1.631588 10.456462 7.366128
v 2.748764 1.404365 3.227650
v -4.916323 3.533307 -3.705009
v 7.092510 4.977775 -1.633047
v -2.666440 7.557231 7.044292
v -3.763330 14.261014 -0.403509
v 6.632148 8.275485 -3.004618
v -1.863642 10.547296 6.943254
v -1.600227 13.918598 -5.722672
v -6.397837 6.790158 -3.985318
v -3.327222 1.976433 -4.093382
v 1.040421 14.995484 -1.193477
v -0.494139 13.392924 -5.882145
v 7.039553 9.777116 -1.348316
v -0.728506 5.188048 -7.182832
v -2.186367 14.443540 0.930046
v -2.845113 1.318093 -1.401854
v -2.626618 5.394248 -6.895563
v 2.076998 6.061754 -6.239180
v -3.179734 1.061873 2.748328
v 4.307879 4.756907 -5.779333
v -2.491111 4.463813 -6.282690
v 3.737930 5.175764 -6.773145
v -0.578313 1.235850 3.316569
v -1.044393 8.158970 7.373756
v -4.275345 12.919365 3.390369
v 0.395192 14.049090 -5.098941
v 4.343116 11.413896 -5.396993
v -4.682446 5.227599 -5.180466
v 5.284235 7.507845 -6.170272
v 1.702004 14.361607 -3.760330
v -4.524993 4.458911 -5.301138
v 5.353141 8.439488 -5.582216
v 4.767797 10.545075 2.464111
v 2.392810 6.796368 7.277237
v 4.970705 9.849978 -5.810907
v 5.732651 10.008170 2.283358
v 5.193209 8.764251 -5.983438
v 2.464019 5.859714 7.683698
v -0.117239 1.621014 4.642185
v -1.828604 4.871092 -6.945189
v 2.169098 5.323493 7.466349
v 0.996099 1.733618 3.968343
v -6.781349 7.754330 -3.142465
v -6.328027 5.077765 1.581410
v -4.893525 2.133990 -0.341167
v -0.000227 0.852704 3.067968
v 1.602094 10.647058 6.974240
v -6.039887 7.877077 1.975717
v 2.326669 10.702444 6.051648
v 6.219001 4.960946 1.245785
v -6.169346 10.705738 3.460306
v -6.937835 6.338683 -0.656813
v 0.234294 14.394272 -3.380289
v -6.410377 6.722145 -0.731239
v -6.121684 8.703675 3.814843
v -7.049443 8.335214 -0.668901
v -2.071759 1.187268 -3.847999
v 3.485486 14.146434 0.252787
v -6.257995 6.720204 1.864238
v -3.444363 1.763553 -2.978915
v 5.201973 8.863019 4.188673
v -7.128317 9.615756 -1.761526
v -1.839146 1.182942 -2.606264
v 0.484344 8.248384 7.612020
v -1.037889 0.945152 -3.538993
v -0.119804 13.086309 5.425279
v 0.049091 12.437368 5.801941
v 3.387150 1.506749 0.654443
v -2.911547 3.284936 5.457238
v 0.628070 12.168004 5.489414
v 3.509832 1.043032 -0.168200
v -4.287099 3.977629 5.135256
v 3.749521 9.771434 -6.878996
v 4.592191 1.581595 -0.229104
v -3.731581 3.514903 4.828766
v 4.355917 1.970464 -0.917186
v -0.418462 9.411806 -7.704200
v 6.756306 7.448852 -3.898005
v -3.452016 2.831119 5.242014
v 4.789680 9.785841 -6.377671
v -5.349690 6.960875 4.257169
v 1.977812 15.355687 0.721498
v 6.931632 10.042805 0.359584
v -6.192051 6.506433 3.592020
v 5.896179 6.042736 3.502910
v -4.549224 2.364311 3.165676
v -4.296090 8.246370 -6.097249
v 1.501651 13.971024 3.974915
v 6.391436 6.759166 -3.297452
v 0.520290 15.605077 1.869613
v -4.591792 6.985621 -5.875417
v 4.678325 10.997054 -4.913110
v 1.046025 15.516448 1.925951
v 2.682533 9.650039 6.951599
v 6.353156 5.870196 2.528564
v 1.983385 4.761006 -6.556919
v 4.644098 9.404712 4.304399
v -4.558184 1.558568 2.945766
v 0.033151 0.191473 -3.259506
v -5.750164 2.586929 -0.915714
v -0.304719 15.345450 1.443977
v -6.212269 3.244442 -0.593224
v 1.823709 4.291326 -6.753537
v -2.253361 15.182471 2.263237
v -6.716590 3.823445 -1.283635
v -5.931965 3.366944 -1.482901
v -5.188960 13.289006 0.890484
v -0.870243 14.111858 2.814279
v 6.869197 5.910616 0.178852
v -0.986794 13.479496 3.541281
v -4.606877 14.259895 1.166871
v -1.517065 8.470445 -7.876062
v -2.392422 3.005377 -5.468137
v -5.326438 9.819990 -4.852561
v 6.848114 7.775686 2.899593
v -5.970687 12.860738 -2.478014
v -5.321836 10.406747 -5.021745
v -1.694067 8.880991 7.660133
v -3.701933 12.983369 4.552141
v -4.677137 12.350717 3.779888
v 2.949470 14.720979 2.729739
v -2.292541 7.462861 7.571328
v 4.969954 8.133304 5.893394
v 1.969045 14.996567 3.443573
v -2.588605 8.182442 7.324455
v 5.281247 8.587318 5.080951
v 1.486666 15.558492 2.376853
v 3.926027 1.574944 0.389081
v -2.184961 12.017954 5.183281
v 2.265644 15.490379 1.339467
v -1.969420 12.379333 5.169669
v 6.951642 8.555334 0.893339
v 1.743407 16.115566 1.456421
v -6.040816 3.375901 -2.224593
v 1.421897 14.501809 -1.766250
v -1.044335 2.228312 -5.046945
v -6.925454 4.515028 -0.518597
v 1.969918 14.769584 -1.610476
v 1.151953 2.671932 -6.621628
v 4.859050 11.514466 -1.611910
v 0.407048 2.420327 -6.205218
v -4.584184 3.226499 4.259027
v 5.474663 11.787374 -2.622095
v 6.623301 9.128589 -2.804044
v -0.747531 2.122634 -5.624824
v -2.401827 8.984625 7.208171
v 0.690562 14.845628 -4.143205
v 0.634267 8.766704 -7.770123
v -7.406418 10.104983 -2.531401
v -3.092520 9.115901 7.241514
v 0.306044 12.950060 -5.520353
v -0.616291 0.360324 0.915519
v -4.155414 8.616137 6.512884
v 2.988964 7.623903 -6.807307
v -1.821967 0.645861 0.863925
v 2.548661 8.238849 -7.247265
v -1.319890 4.912054 6.937630
v 4.781318 3.010345 3.153374
v -6.446939 11.966566 -1.197695
v 3.324073 13.074965 -0.585956
v 0.357461 10.805747 -7.115137
v -0.656133 4.756632 -6.659675
v 2.990844 13.640790 -1.402689
v -6.751563 5.825082 0.462238
v 1.295536 6.677066 -6.489495
v -5.470511 6.287459 -4.635006
v 5.111249 5.432722 -5.079388
v -5.819495 5.728822 -4.238302
v 6.228073 10.978038 -0.473936
v -3.996549 4.931112 5.299467
v -6.780845 9.545691 1.034907
v -4.106770 14.933524 1.351028
v -2.989589 8.053507 -6.683688
v -4.808027 4.769703 4.986477
v 2.076280 13.340217 -4.989336
v -2.196918 7.935453 -7.695808
v -4.617971 4.234496 4.212190
v -3.296221 1.252203 -0.251336
v -6.403804 8.763427 -4.832367
v 2.879035 12.793533 3.662477
v 0.384904 1.675436 -4.697582
v 7.443180 6.706600 2.420664
v -2.302741 10.327300 -6.826088
v 1.096434 0.936968 -5.120584
v 5.233223 3.302384 2.128123
v 2.878505 2.707476 5.255713
v -4.314312 13.409371 -1.602403
v 4.771179 2.192007 1.267897
v 4.147953 3.212979 4.816376
v -2.196772 14.785254 0.258932
v 5.915810 4.196139 2.351831
v 4.345294 3.863148 5.172936
v -1.294909 14.981601 1.545348
v -0.118917 14.762284 -2.208896
v 5.925295 3.675907 1.837727
v -5.375238 9.833972 4.751513
v -0.330329 15.072451 -2.857823
v 3.678625 3.681967 -6.451545
v -1.292711 14.665902 -1.188591
v -0.899476 7.530767 7.629828
v 3.648289 3.448378 -5.812950
v 1.897602 4.898166 7.717597
v -1.625773 5.511569 6.482312
v -1.133061 15.585075 1.052383
v 1.847137 3.160111 -6.336824
v -7.566922 9.628840 -2.791177
v -0.735005 15.194888 0.467797
v 7.044488 7.638001 -0.214294
v -1.439116 13.397394 -5.858382
v 3.982947 13.210473 -2.285736
v -1.667312 15.060726 -0.659048
v -5.324633 10.271272 5.445876
v -0.122048 0.580709 -0.662111
v -4.167295 9.558538 -6.079507
v 5.292384 11.343950 1.424023
v -4.738811 10.673440 5.269617
v 2.758867 0.841175 0.679490
v 5.289468 8.293182 -6.302000
v 3.766608 7.583463 7.320121
v 0.639903 10.702070 -7.421203
v 1.743043 8.569305 -7.653553
v 3.889221 5.738608 7.286378
v 0.623546 9.615314 7.232529
v 6.709718 6.720325 -2.930415
v -1.067148 10.231833 7.705318
v 6.629468 8.344057 -4.944970
v -0.659825 11.774828 -6.838468
v -0.806259 11.021132 7.018947
v 3.986802 1.292246 -1.331499
v -0.281429 11.258192 -6.984822
v -1.293148 11.076676 7.191660
v 3.899385 1.589366 -1.850193
v 5.185951 7.941199 5.257975
v -1.992474 14.085782 -4.606125
v 3.015425 5.504187 -6.963292
v 4.406906 9.643285 5.278536
v 3.732383 11.145282 -5.547711
v 2.881845 6.168650 -7.425525
v 1.470887 12.554136 5.379559
v 2.684085 10.872292 -6.036936
v 4.656146 9.024544 5.083992
v 2.735727 2.789801 -5.192683
v 1.388112 12.857076 4.712825
v -0.859495 3.903252 -6.496794
v -1.114168 1.960487 5.411746
v -1.603191 2.869654 -5.855903
v -3.634353 15.246403 0.609600
v -3.162697 6.980948 7.060872
v -2.420626 1.236189 -2.651637
v -3.206813 6.181589 6.452393
v -6.133768 9.256894 -4.254690
v -6.635988 4.079474 -0.607033
v 5.510183 11.133825 -2.946674
v -5.942157 8.722684 -5.055870
v -6.611511 12.214394 -1.819350
v 0.539302 1.478376 4.002952
v 4.183335 13.222095 -1.116859
v -5.540592 11.832030 -3.108838
v -6.331707 6.033788 -3.559955
v -3.525275 15.244297 1.709726
v -1.265506 11.109746 -6.420331
v 0.838689 0.471984 -2.007428
v 5.784931 5.389144 -4.275816
v -3.336793 11.285834 -5.277187
v -1.100702 0.994222 1.990560
v -6.563324 8.193137 2.831986
v -2.540474 12.249513 -6.176568
v -6.442901 5.532463 -0.939729
v -4.714860 1.710540 0.902348
v 3.213322 1.392282 -2.266090
v 4.477585 4.316288 -5.175532
v 3.118613 1.361843 -3.576817
v -4.403455 2.205164 -1.084318
v 2.611462 1.253026 -3.210447
v 1.754535 4.637032 7.199755
v -4.033109 1.653909 -1.133848
v -6.053518 11.361429 1.656217
v 1.724476 4.544051 6.584908
v -2.435477 14.250850 -2.952367
v 0.462459 3.730563 6.815514
v -6.267946 5.493957 3.018917
v -2.948985 13.714686 -3.362736
v 1.463930 3.489587 6.766959
v -3.423545 1.071051 1.327054
v -1.992426 9.778063 -7.044491
v -3.820354 13.338093 -2.670846
v -5.024010 2.276257 1.214374
v -2.461316 9.552554 -7.358495
v -5.315019 2.500171 1.950704
v -1.320972 15.167835 0.751646
v -5.401475 2.477462 2.638323
v -2.767701 2.491205 -4.659943
v -7.213840 11.801847 -1.019840
v -4.872792 1.964225 2.424502
v -7.468508 10.532743 0.016028
v -2.695647 3.331949 -5.060868
v 4.919472 12.084839 0.420733
v 6.630887 9.536024 2.299636
v -2.683485 3.685196 -5.838957
v 3.217450 10.135889 5.762786
v -5.315065 8.538211 5.203319
v -2.714385 4.937572 -6.874089
v 3.244088 9.318243 6.378067
v -6.098980 8.944743 4.856534
v 1.199179 12.162998 5.500470
v -0.453677 6.025760 -6.516421
v -3.647420 2.899224 4.676210
v 3.038046 0.729927 1.451606
v -0.112065 8.491426 -7.343763
v 3.204659 1.274659 1.710975
v -4.005272 2.544493 4.170781
v 3.561622 2.079785 3.683656
v -4.148258 1.319970 -0.324967
v 4.773582 5.532148 -6.047106
v 0.858005 7.284591 -7.740087
v -3.313990 5.626564 6.617220
v 0.462214 7.803571 -7.438221
v -4.879143 2.832839 -3.394588
v 0.863124 8.068067 -7.140828
v 6.255244 9.760977 -4.648842
v 5.274527 3.246078 2.797120
v 0.491676 0.934186 3.007009
v -3.523674 6.123547 5.923461
v 2.506449 12.948807 4.103681
v 3.103913 1.499683 -1.728954
v -1.055887 2.777640 6.205797
v 4.187836 12.286527 2.604640
v 1.494088 11.719234 -6.302878
v 4.134871 12.742642 1.702970
v 0.891113 2.079590 5.017638
v -6.885223 5.534691 -1.476869
v 6.552336 7.987382 -1.945857
v -1.468188 1.303505 3.431894
v 6.114552 3.998483 -3.787365
v 6.938229 7.729761 -1.427991
v 4.574114 2.900410 -3.324009
v 6.716016 5.122988 0.223246
v 5.136106 3.044041 -3.906902
v -4.142604 11.089850 -4.953353
v -3.500886 7.430771 7.182120
v 6.654239 5.032170 -2.662360
v -4.181355 14.339869 0.396248
v 6.699732 4.669363 -1.760161
v 6.179573 4.537273 3.356502
v 4.216175 11.740746 -4.743260
v -2.376068 2.070419 4.658230
v -0.294320 11.663929 7.024920
v 3.594024 12.467497 -3.702023
v -1.404398 1.721124 4.555316
v -0.577619 11.627075 6.212786
v 2.960701 12.231218 -4.748220
v -4.420821 5.528745 5.270768
v -0.093828 12.072420 6.491253
v -6.815140 10.845592 0.741634
v -1.075100 11.599502 6.374704
v -3.200055 3.517496 5.823208
v -2.344794 12.402499 -5.720466
v -7.233190 10.800005 -0.226113
v 3.188330 13.564878 3.588593
v -0.936937 13.506761 -5.632696
v 2.627414 13.679039 3.742349
v 5.318835 7.102503 5.400773
v 3.030382 15.274117 0.594919
v 4.501785 11.169104 0.920810
v 1.025994 14.767779 -3.238415
v -3.454538 1.660428 -2.056120
v -2.064309 13.167185 4.037083
v -2.916594 8.540822 -6.908597
v 2.644976 8.554859 6.913985
v -6.847107 6.864709 -2.011605
v -4.510885 2.120562 -1.822679
v -5.433761 13.402230 -0.926406
v -6.647487 6.766376 -2.855165
v -5.827996 13.063643 -1.273223
v -1.637776 14.217612 -3.920061
v -6.555211 5.611581 -2.092570
v -4.043084 4.756520 -6.301682
v -6.929014 10.279900 -3.482097
v -3.267108 1.214598 -1.027291
v 1.890216 13.705231 -4.488995
v -6.504471 11.346794 -2.975652
v 0.272767 14.634968 -2.885080
v -3.729163 6.090149 -6.428454
v 3.498363 12.498324 3.428266
v -6.513149 10.804461 -3.133448
v -3.490561 6.834970 -6.989905
v 3.672205 13.300226 2.999277
v -3.022096 6.445159 -7.113408
v 6.573671 6.685776 3.363845
v 5.746017 9.573220 -5.810786
v -0.286936 10.312549 7.224331
v 6.709493 6.813411 2.787559
v -2.670408 0.337488 -0.928523
v -3.566084 2.915900 -4.071001
v 0.226999 11.042689 6.973632
v 4.823923 11.290857 3.317804
v -3.481673 1.930674 -3.715648
v -7.131237 9.644516 0.183682
v 4.965487 10.407582 4.138405
v -2.757583 1.685736 -3.839276
v -7.633187 9.786565 -0.348891
v 1.995342 11.761045 5.870265
v 4.538591 4.565391 5.905265
v -2.800866 11.929525 5.670602
v 2.034480 1.203426 2.849233
v -0.973925 14.885309 -0.271912
v -1.863662 11.793811 6.259575
v 1.144701 0.723569 -1.131022
v -0.650248 15.347446 0.114783
v -3.991590 11.476670 5.649777
v -4.340044 13.367562 2.476733
v -1.764842 7.332826 -7.822275
v -3.341447 10.899120 6.817586
v -3.841346 13.748947 2.509271
v -2.776409 11.089417 6.712306
v -1.603057 6.054022 -7.432694
v -4.119114 15.023766 1.869236
v -0.224096 4.329019 7.320764
v 0.373036 0.231917 -2.084728
v 2.608015 5.240345 6.908602
v 6.042951 9.238628 -4.921724
v 1.041941 4.294824 6.886214
v -5.719269 3.285928 2.572494
v -6.354428 12.320162 -0.595486
v 4.049848 13.022126 0.228939
v -0.366819 13.205239 4.452457
v -6.206968 3.395473 2.263903
v 4.622868 12.024169 0.716493
v 4.328856 7.576092 -6.590601
v -6.936484 10.353479 -1.571312
v -4.047283 9.493441 6.132445
v -4.528246 9.030690 6.040269
v -0.168625 14.007277 -5.199633
v 1.045089 15.012539 2.597918
v -4.479417 7.601727 5.894099
v -5.629911 10.248450 -4.357787
v -1.376955 1.637702 -4.667937
v -7.167497 6.601553 -0.236924
v 2.939828 2.475130 -4.575095
v -1.501058 1.605760 -4.184066
v -7.165597 6.650476 0.538811
v -0.061961 14.011489 -4.663615
v 1.231127 7.128566 -7.263135
v 6.451310 7.583500 -4.004370
v -1.509492 0.930359 2.957412
v -5.350656 12.142526 3.157645
v -5.991770 10.423693 3.915719
v 3.451641 4.589251 6.189633
v 1.323565 0.506839 2.530955
v -4.968017 6.354986 4.853935
v 7.514351 7.161382 0.835182
v 1.690044 8.836528 7.169591
v -5.490476 5.000040 -4.321714
v -1.618701 2.347205 5.523063
v -6.278329 6.043537 1.566038
v 1.486927 8.230036 7.361591
v -2.239942 2.748016 5.047631
v -2.033450 10.683325 -7.113019
v -1.326534 9.486647 7.468863
v -2.944864 2.710312 5.035707
v 0.219816 0.901836 -4.024081
v -5.651462 7.064372 3.675436
v 3.662640 13.056606 1.084469
v 1.301906 0.595176 -4.535721
v -5.955554 6.210924 2.726277
v -5.701513 2.797169 0.168129
v -5.891798 12.786616 0.383905
v -1.835382 14.300812 -2.734703
v -5.132399 12.547798 2.378499
v -0.141939 10.264891 -7.638304
v -0.797828 10.531756 -7.351091
v -4.473692 13.418309 -2.281939
v 0.220416 6.589051 -7.171271
v 7.087166 8.596486 0.404041
v -1.222248 12.447840 5.284487
v -3.097926 11.261105 -5.707189
v 6.857632 8.459876 -0.068183
v 6.315543 10.563198 -1.669615
v 5.980181 7.150302 -5.070106
v -2.028400 4.926219 6.472272
v 5.859516 10.926457 -1.731974
v 0.798185 5.449115 -6.653102
v -0.422819 3.163634 6.097419
v -4.676348 14.425306 -0.426515
v 1.047297 5.089258 -6.929860
v 1.710546 14.960037 -0.914208
v 1.010225 5.956491 -7.018710
v -2.051330 6.770145 -7.802823
v 6.053138 7.393200 -4.288210
v 0.292188 6.871706 7.728918
v 2.127900 0.424910 -2.823724
v -2.810416 13.336291 4.197409
v -0.084738 6.324496 7.340281
v -3.079537 12.896971 4.649718
v 4.822200 11.452295 -4.085509
v -5.814356 4.514236 2.384977
v 5.868137 6.676009 4.227880
v -5.290646 11.175451 -4.151442
v -2.529276 1.035196 1.064475
v -5.153295 10.912233 -5.197308
v -1.115248 0.686572 0.157687
v -3.257364 1.424598 3.850037
v 5.522505 5.819684 -5.155048
v 0.085199 0.652616 1.988375
v 4.670604 7.278478 5.868158
v 4.282625 1.972992 -2.218337
v 4.494368 13.016261 -1.695143
v -0.085766 5.467110 -6.454038
vt 0.256933 0.545379
vt 0.260379 0.520263
vt 0.276360 0.537516
vt 0.557182 0.308801
vt 0.530076 0.299893
vt 0.556143 0.281503
vt 0.577711 0.696046
vt 0.594930 0.697326
vt 0.573785 0.717679
vt 0.793341 0.774051
vt 0.769599 0.769379
vt 0.778910 0.742850
vt 0.174299 0.430715
vt 0.131466 0.440280
vt 0.146146 0.414321
vt 0.285002 0.063133
vt 0.315925 0.061220
vt 0.307941 0.084049
vt 0.246993 0.276822
vt 0.223639 0.290346
vt 0.236365 0.255653
vt 0.413972 0.366758
vt 0.425102 0.320735
vt 0.467773 0.357411
vt 0.717563 0.839280
vt 0.752188 0.833231
vt 0.763936 0.859731
vt 0.634220 0.837700
vt 0.617357 0.818540
vt 0.644259 0.805718
vt 0.661541 0.674522
vt 0.680990 0.657862
vt 0.688059 0.680198
vt 0.446841 0.127514
vt 0.485335 0.132588
vt 0.485572 0.154422
vt 0.571233 0.655423
vt 0.567942 0.684771
vt 0.557883 0.656466
vt 0.393613 0.484302
vt 0.412242 0.428884
vt 0.448997 0.492434
vt 0.274446 0.187756
vt 0.307311 0.190851
vt 0.300039 0.210896
vt 0.970525 0.684587
vt 0.271913 0.041014
vt 0.255348 0.070585
vt 0.153332 0.105560
vt 0.965867 0.721286
vt 0.198768 0.105196
vt 0.099473 0.446193
vt 0.100024 0.419706
vt 0.757168 0.503673
vt 0.750906 0.470570
vt 0.777080 0.468673
vt 0.673165 0.518759
vt 0.636622 0.516516
vt 0.657207 0.497153
vt 0.529847 0.722322
vt 0.521102 0.734817
vt 0.513859 0.713868
vt 0.547665 0.780878
vt 0.533062 0.801823
vt 0.526667 0.788617
vt 0.799753 0.849144
vt 0.817188 0.862572
vt 0.811125 0.891257
vt 0.056328 0.190044
vt 0.899629 0.833530
vt 0.074049 0.162323
vt 0.328528 0.469275
vt 0.340489 0.436893
vt 0.348236 0.465437
vt 0.330069 0.335779
vt 0.330922 0.364704
vt 0.317607 0.355280
vt 0.475450 0.528860
vt 0.427239 0.713590
vt 0.462740 0.512915
vt 0.574166 0.280081
vt 0.577104 0.313171
vt 0.885987 0.677841
vt 0.858327 0.665315
vt 0.888079 0.661467
vt 0.719155 0.602339
vt 0.699089 0.590333
vt 0.748420 0.594495
vt 0.099850 0.240362
vt 0.097528 0.221584
vt 0.123567 0.186462
vt 0.188580 0.281877
vt 0.201222 0.300096
vt 0.170953 0.293514
vt 0.427786 0.175746
vt 0.444870 0.184756
vt 0.444652 0.208885
vt 0.384037 0.148439
vt 0.328141 0.153287
vt 0.352765 0.135849
vt 0.687845 0.757452
vt 0.709500 0.739924
vt 0.716894 0.755914
vt 0.681881 0.793734
vt 0.662268 0.776965
vt 0.696964 0.773302
vt 0.379813 0.268810
vt 0.378928 0.288594
vt 0.356475 0.268646
vt 0.353071 0.205769
vt 0.335120 0.209413
vt 0.338628 0.183810
vt 0.813666 0.742675
vt 0.823275 0.728147
vt 0.838012 0.741348
vt 0.681984 0.638638
vt 0.708987 0.626623
vt 0.713330 0.653354
vt 0.315607 0.428348
vt 0.287345 0.427780
vt 0.304557 0.421643
vt 0.161738 0.364226
vt 0.155448 0.339535
vt 0.185887 0.364117
vt 0.913472 0.532412
vt 0.908104 0.567629
vt 0.872122 0.537231
vt 0.846258 0.642861
vt 0.870945 0.628006
vt 0.675487 0.924739
vt 0.638030 0.923283
vt 0.643141 0.904973
vt 0.595035 0.791732
vt 0.829790 0.674563
vt 0.813634 0.680155
vt 0.799157 0.656347
vt 0.787467 0.683551
vt 0.806129 0.697188
vt 0.174271 0.448849
vt 0.189525 0.478196
vt 0.152881 0.468087
vt 0.265271 0.411556
vt 0.292260 0.440008
vt 0.259017 0.426615
vt 0.729733 0.572332
vt 0.611562 0.581239
vt 0.597137 0.564076
vt 0.635654 0.556997
vt 0.170444 0.246578
vt 0.127364 0.259059
vt 0.146344 0.246178
vt 0.220810 0.169871
vt 0.197649 0.174350
vt 0.214543 0.157863
vt 0.456651 0.708864
vt 0.462186 0.824617
vt 0.467905 0.850763
vt 0.318028 0.575801
vt 0.210993 0.279761
vt 0.186182 0.211741
vt 0.194778 0.231216
vt 0.184137 0.249970
vt 0.568763 0.392220
vt 0.557507 0.412223
vt 0.536674 0.410640
vt 0.436444 0.427877
vt 0.421624 0.404496
vt 0.451214 0.392095
vt 0.043296 0.253830
vt 0.828861 0.895315
vt 0.882904 0.869672
vt 0.765171 0.936724
vt 0.806468 0.931399
vt 0.771506 0.951069
vt 0.545626 0.580635
vt 0.576682 0.602714
vt 0.542233 0.605240
vt 0.582902 0.373253
vt 0.549421 0.542931
vt 0.582008 0.402662
vt 0.269416 0.333817
vt 0.254245 0.330843
vt 0.277504 0.315276
vt 0.294614 0.401729
vt 0.524129 0.208476
vt 0.502162 0.195185
vt 0.502706 0.173324
vt 0.720262 0.456825
vt 0.688779 0.441394
vt 0.531140 0.155149
vt 0.555570 0.905814
vt 0.564360 0.885153
vt 0.587662 0.890275
vt 0.264744 0.593753
vt 0.244583 0.568748
vt 0.274217 0.567734
vt 0.869676 0.572657
vt 0.887389 0.605305
vt 0.853526 0.611179
vt 0.771893 0.590082
vt 0.757300 0.570337
vt 0.776479 0.567061
vt 0.415112 0.391123
vt 0.349364 0.323881
vt 0.349904 0.345815
vt 0.883689 0.721480
vt 0.905327 0.722963
vt 0.891511 0.754016
vt 0.925814 0.789520
vt 0.924038 0.820478
vt 0.704146 0.567293
vt 0.689071 0.478901
vt 0.693028 0.454212
vt 0.706390 0.471344
vt 0.249959 0.485148
vt 0.232256 0.500806
vt 0.227300 0.480773
vt 0.305873 0.509563
vt 0.286909 0.487493
vt 0.333748 0.489876
vt 0.328703 0.130129
vt 0.308156 0.143478
vt 0.299497 0.120506
vt 0.301196 0.169201
vt 0.269205 0.175605
vt 0.248448 0.157179
vt 0.319553 0.537556
vt 0.349655 0.520821
vt 0.330461 0.566365
vt 0.375275 0.552443
vt 0.427923 0.769284
vt 0.679372 0.746656
vt 0.657707 0.732473
vt 0.668877 0.730003
vt 0.692333 0.729029
vt 0.407539 0.259690
vt 0.395380 0.289110
vt 0.389521 0.266081
vt 0.539284 0.238208
vt 0.520679 0.258636
vt 0.505948 0.229786
vt 0.393696 0.543400
vt 0.386810 0.440088
vt 0.380016 0.465969
vt 0.708584 0.825154
vt 0.721718 0.805775
vt 0.739045 0.814961
vt 0.802869 0.792642
vt 0.783739 0.788702
vt 0.357204 0.234577
vt 0.342720 0.228904
vt 0.371719 0.234545
vt 0.389785 0.225056
vt 0.505358 0.587635
vt 0.505205 0.609484
vt 0.478267 0.596531
vt 0.533543 0.577217
vt 0.112615 0.255313
vt 0.127760 0.239893
vt 0.144150 0.365483
vt 0.142005 0.345540
vt 0.893609 0.643764
vt 0.926763 0.646426
vt 0.910944 0.661148
vt 0.409426 0.303798
vt 0.385169 0.297477
vt 0.390166 0.324235
vt 0.369803 0.345145
vt 0.778313 0.913509
vt 0.756160 0.933133
vt 0.746141 0.902851
vt 0.483914 0.681247
vt 0.504132 0.666160
vt 0.502475 0.692065
vt 0.522481 0.497537
vt 0.467741 0.641035
vt 0.466546 0.664290
vt 0.844053 0.754360
vt 0.870599 0.734157
vt 0.859314 0.761787
vt 0.821199 0.785683
vt 0.858567 0.783874
vt 0.628868 0.946396
vt 0.119011 0.505442
vt 0.130871 0.526628
vt 0.224823 0.548744
vt 0.196430 0.517971
vt 0.235006 0.538882
vt 0.547863 0.429511
vt 0.502018 0.556429
vt 0.460103 0.407208
vt 0.483562 0.428406
vt 0.458066 0.439033
vt 0.172835 0.503223
vt 0.122788 0.457020
vt 0.115102 0.478017
vt 0.753910 0.617537
vt 0.734972 0.608837
vt 0.741061 0.634109
vt 0.767274 0.637490
vt 0.760328 0.653016
vt 0.460499 0.482377
vt 0.479512 0.488627
vt 0.465014 0.466363
vt 0.494620 0.439802
vt 0.495847 0.464486
vt 0.708186 0.804544
vt 0.570930 0.865720
vt 0.427170 0.233430
vt 0.400190 0.228167
vt 0.401368 0.211465
vt 0.425501 0.210482
vt 0.411096 0.186167
vt 0.189742 0.164106
vt 0.196628 0.133157
vt 0.115038 0.239885
vt 0.631597 0.649055
vt 0.614337 0.676595
vt 0.625654 0.623859
vt 0.658517 0.590912
vt 0.637008 0.568194
vt 0.664351 0.563781
vt 0.511982 0.856094
vt 0.519128 0.837702
vt 0.551639 0.852029
vt 0.502725 0.838399
vt 0.691111 0.619393
vt 0.649265 0.617270
vt 0.211486 0.406939
vt 0.192601 0.412926
vt 0.198113 0.383608
vt 0.365210 0.520583
vt 0.349508 0.489203
vt 0.373651 0.494847
vt 0.396079 0.069446
vt 0.418857 0.094422
vt 0.367532 0.079755
vt 0.373684 0.126056
vt 0.412529 0.136240
vt 0.093069 0.462742
vt 0.722873 0.943594
vt 0.695766 0.917916
vt 0.307353 0.329697
vt 0.279267 0.329109
vt 0.317322 0.202774
vt 0.851621 0.589019
vt 0.442835 0.105590
vt 0.427109 0.044353
vt 0.837748 0.515306
vt 0.317837 0.548872
vt 0.365603 0.542807
vt 0.290477 0.547537
vt 0.317371 0.277363
vt 0.288124 0.287790
vt 0.304910 0.257497
vt 0.274743 0.239139
vt 0.261918 0.244681
vt 0.259097 0.221654
vt 0.523903 0.430904
vt 0.516882 0.391861
vt 0.525495 0.414980
vt 0.486414 0.411592
vt 0.586838 0.768925
vt 0.556761 0.708408
vt 0.340774 0.268682
vt 0.325493 0.268924
vt 0.322713 0.253144
vt 0.632806 0.669010
vt 0.668494 0.652770
vt 0.642928 0.702813
vt 0.609868 0.717951
vt 0.614897 0.689678
vt 0.334672 0.538134
vt 0.380563 0.524915
vt 0.443271 0.295487
vt 0.463372 0.285935
vt 0.449252 0.318245
vt 0.432452 0.315573
vt 0.591586 0.722326
vt 0.562834 0.742885
vt 0.566776 0.768119
vt 0.543420 0.754125
vt 0.796628 0.608068
vt 0.805375 0.596928
vt 0.823860 0.609438
vt 0.818056 0.583399
vt 0.542329 0.361303
vt 0.558561 0.391672
vt 0.524692 0.375059
vt 0.476455 0.305855
vt 0.494530 0.327192
vt 0.447743 0.750231
vt 0.439916 0.760297
vt 0.416858 0.749542
vt 0.525832 0.747054
vt 0.509789 0.770752
vt 0.500988 0.755242
vt 0.811052 0.562976
vt 0.792483 0.582508
vt 0.790681 0.562981
vt 0.828490 0.476272
vt 0.567322 0.727666
vt 0.547065 0.719111
vt 0.541305 0.741064
vt 0.391180 0.383395
vt 0.370706 0.391891
vt 0.365791 0.367854
vt 0.364229 0.436083
vt 0.437741 0.240679
vt 0.452253 0.223637
vt 0.529081 0.696724
vt 0.253341 0.174407
vt 0.239221 0.198943
vt 0.241402 0.176607
vt 0.244793 0.224169
vt 0.485442 0.293602
vt 0.483314 0.247624
vt 0.498818 0.267539
vt 0.738753 0.742562
vt 0.723366 0.734468
vt 0.734172 0.718644
vt 0.250592 0.371702
vt 0.282855 0.386199
vt 0.259215 0.390618
vt 0.227734 0.358032
vt 0.193921 0.342870
vt 0.518359 0.284535
vt 0.489630 0.307854
vt 0.511609 0.309771
vt 0.215982 0.412711
vt 0.220166 0.446375
vt 0.230300 0.424861
vt 0.247776 0.448664
vt 0.709966 0.721757
vt 0.777578 0.678323
vt 0.763492 0.662399
vt 0.227405 0.375759
vt 0.245829 0.405821
vt 0.218761 0.390316
vt 0.603201 0.943471
vt 0.597524 0.920219
vt 0.540988 0.900044
vt 0.061250 0.362097
vt 0.045239 0.374662
vt 0.796492 0.956054
vt 0.087007 0.306689
vt 0.108831 0.313650
vt 0.107862 0.341530
vt 0.843095 0.688206
vt 0.847837 0.733386
vt 0.827650 0.714263
vt 0.063090 0.400581
vt 0.116529 0.405769
vt 0.627679 0.592703
vt 0.642668 0.609677
vt 0.701937 0.603920
vt 0.126569 0.365756
vt 0.083713 0.371804
vt 0.105941 0.381075
vt 0.093229 0.398752
vt 0.911930 0.729877
vt 0.906515 0.780089
vt 0.720626 0.707836
vt 0.730025 0.699670
vt 0.697937 0.698729
vt 0.681727 0.696376
vt 0.714803 0.682517
vt 0.941921 0.760243
vt 0.952892 0.725155
vt 0.124390 0.331973
vt 0.141824 0.273914
vt 0.167007 0.268929
vt 0.917992 0.698977
vt 0.935832 0.729963
vt 0.734951 0.692747
vt 0.760531 0.674867
vt 0.762548 0.695948
vt 0.185243 0.308184
vt 0.200450 0.318025
vt 0.183334 0.331436
vt 0.500919 0.376613
vt 0.505558 0.360062
vt 0.721961 0.636468
vt 0.734677 0.652675
vt 0.724577 0.667233
vt 0.744670 0.656820
vt 0.729636 0.678259
vt 0.081509 0.501876
vt 0.164814 0.235432
vt 0.156415 0.217907
vt 0.155895 0.195946
vt 0.132866 0.217628
vt 0.136442 0.194610
vt 0.757280 0.724091
vt 0.769660 0.699425
vt 0.790065 0.699285
vt 0.408080 0.504352
vt 0.232600 0.338555
vt 0.226327 0.320095
vt 0.258929 0.312883
vt 0.431805 0.667419
vt 0.504584 0.479097
vt 0.217059 0.100883
vt 0.212233 0.120142
vt 0.223011 0.142113
vt 0.750348 0.735680
vt 0.766460 0.747497
vt 0.765236 0.729765
vt 0.718608 0.623315
vt 0.755697 0.759067
vt 0.737415 0.802686
vt 0.755667 0.786843
vt 0.252162 0.102286
vt 0.228390 0.120598
vt 0.283719 0.143588
vt 0.234647 0.136006
vt 0.253241 0.122247
vt 0.752438 0.882327
vt 0.737305 0.871756
vt 0.663869 0.855361
vt 0.687915 0.828769
vt 0.680628 0.532804
vt 0.660248 0.541409
vt 0.629993 0.534732
vt 0.743494 0.521910
vt 0.720341 0.538864
vt 0.714668 0.514645
vt 0.375521 0.195854
vt 0.386196 0.209948
vt 0.370950 0.220973
vt 0.397955 0.179973
vt 0.726914 0.554690
vt 0.765723 0.548596
vt 0.743057 0.532296
vt 0.791011 0.526889
vt 0.794148 0.813975
vt 0.778851 0.820312
vt 0.765996 0.788626
vt 0.782533 0.838355
vt 0.405719 0.387872
vt 0.396639 0.428707
vt 0.670538 0.466650
vt 0.819566 0.765976
vt 0.509539 0.129169
vt 0.524786 0.173701
vt 0.543789 0.217428
vt 0.482209 0.476601
vt 0.474703 0.191411
vt 0.461614 0.164938
vt 0.488604 0.183861
vt 0.489279 0.215783
vt 0.258050 0.471545
vt 0.268363 0.440554
vt 0.286433 0.454891
vt 0.316456 0.478033
vt 0.471399 0.240404
vt 0.478328 0.208053
vt 0.245222 0.419669
vt 0.064305 0.228075
vt 0.054137 0.267202
vt 0.665941 0.763370
vt 0.655862 0.748107
vt 0.331369 0.433965
vt 0.315438 0.448913
vt 0.347070 0.400308
vt 0.362708 0.405465
vt 0.353357 0.417757
vt 0.097359 0.343740
vt 0.066380 0.308080
vt 0.069520 0.264102
vt 0.080233 0.238279
vt 0.098566 0.262918
vt 0.482208 0.785145
vt 0.344031 0.587766
vt 0.318478 0.458862
vt 0.530996 0.765373
vt 0.570784 0.581666
vt 0.591354 0.298549
vt 0.579848 0.243553
vt 0.621515 0.491978
vt 0.077278 0.346086
vt 0.045648 0.319458
vt 0.855224 0.938105
vt 0.096883 0.357698
vt 0.728729 0.488720
vt 0.591733 0.508064
vt 0.587044 0.348003
vt 0.046967 0.337285
vt 0.771895 0.517414
vt 0.579722 0.531581
vt 0.597930 0.548129
vt 0.572067 0.554199
vt 0.078746 0.194465
vt 0.092112 0.169250
vt 0.837484 0.536992
vt 0.836186 0.571770
vt 0.808028 0.533379
vt 0.174315 0.168500
vt 0.145151 0.176864
vt 0.866928 0.696987
vt 0.878878 0.692629
vt 0.604752 0.842277
vt 0.592792 0.825081
vt 0.606592 0.823251
vt 0.598341 0.854107
vt 0.558509 0.825578
vt 0.528437 0.557434
vt 0.419219 0.279917
vt 0.415095 0.245436
vt 0.427763 0.259962
vt 0.320939 0.168558
vt 0.360499 0.184931
vt 0.278341 0.117038
vt 0.670030 0.902178
vt 0.671322 0.879358
vt 0.709986 0.884825
vt 0.303231 0.229384
vt 0.274215 0.281621
vt 0.281571 0.248978
vt 0.270205 0.215441
vt 0.789338 0.866565
vt 0.293188 0.233913
vt 0.285989 0.227296
vt 0.789382 0.720902
vt 0.120941 0.171593
vt 0.106377 0.148976
vt 0.136658 0.157413
vt 0.148620 0.136015
vt 0.123441 0.279841
vt 0.133921 0.300255
vt 0.556387 0.940353
vt 0.151928 0.518675
vt 0.192130 0.557762
vt 0.746234 0.678120
vt 0.223682 0.576449
vt 0.519298 0.888975
vt 0.547124 0.919214
vt 0.485389 0.654383
vt 0.507124 0.649331
vt 0.534250 0.657835
vt 0.520782 0.664696
vt 0.260833 0.152972
vt 0.618909 0.841025
vt 0.626460 0.849418
vt 0.624120 0.863956
vt 0.520452 0.615547
vt 0.502352 0.627711
vt 0.693291 0.954291
vt 0.053956 0.420422
vt 0.746436 0.950167
vt 0.544864 0.876640
vt 0.135763 0.125703
vt 0.111923 0.121713
vt 0.259746 0.284857
vt 0.685482 0.577098
vt 0.681238 0.558414
vt 0.699607 0.561744
vt 0.700560 0.547895
vt 0.680476 0.548695
vt 0.886178 0.587577
vt 0.942648 0.632780
vt 0.951929 0.679107
vt 0.676696 0.570224
vt 0.672875 0.588131
vt 0.690770 0.599584
vt 0.665771 0.602493
vt 0.387776 0.344066
vt 0.410527 0.342202
vt 0.397123 0.315861
vt 0.362707 0.205432
vt 0.645519 0.649613
vt 0.652501 0.631487
vt 0.783347 0.640215
vt 0.814237 0.626483
vt 0.376798 0.176790
vt 0.355050 0.161964
vt 0.652466 0.720801
vt 0.639924 0.725873
vt 0.596915 0.771236
vt 0.608539 0.532978
vt 0.610550 0.514789
vt 0.287623 0.509169
vt 0.255680 0.504469
vt 0.335130 0.119489
vt 0.321122 0.094517
vt 0.341570 0.083083
vt 0.567849 0.260341
vt 0.344387 0.381366
vt 0.331894 0.399041
vt 0.334631 0.384681
vt 0.333331 0.412016
vt 0.183495 0.401444
vt 0.166951 0.415338
vt 0.145571 0.399532
vt 0.837016 0.823748
vt 0.812136 0.822091
vt 0.839703 0.797640
vt 0.856082 0.847614
vt 0.862595 0.820052
vt 0.879448 0.826250
vt 0.289327 0.357725
vt 0.278488 0.367004
vt 0.320783 0.383742
vt 0.298975 0.391747
vt 0.137975 0.481877
vt 0.127847 0.495006
vt 0.540386 0.322513
vt 0.511817 0.328742
vt 0.532666 0.346798
vt 0.611059 0.625848
vt 0.596332 0.642799
vt 0.609225 0.603442
vt 0.796405 0.503415
vt 0.812870 0.496722
vt 0.239172 0.315622
vt 0.233437 0.304655
vt 0.222721 0.300033
vt 0.633103 0.677059
vt 0.660944 0.693978
vt 0.665411 0.712515
vt 0.874250 0.857274
vt 0.838140 0.861360
vt 0.464458 0.119822
vt 0.491226 0.110536
vt 0.822594 0.854995
vt 0.704263 0.676577
vt 0.697283 0.662927
vt 0.263100 0.268503
vt 0.555106 0.694738
vt 0.531062 0.685668
vt 0.546990 0.705648
vt 0.433805 0.512462
vt 0.402813 0.729893
vt 0.399952 0.524493
vt 0.081225 0.283031
vt 0.108437 0.287220
vt 0.098283 0.278722
vt 0.390622 0.122633
vt 0.426546 0.127637
vt 0.443042 0.158621
vt 0.317532 0.291880
vt 0.304837 0.298221
vt 0.302480 0.286694
vt 0.357297 0.303925
vt 0.336394 0.314640
vt 0.332645 0.293257
vt 0.318910 0.310840
vt 0.726226 0.923351
vt 0.126424 0.321684
vt 0.157990 0.320539
vt 0.933127 0.693307
vt 0.655416 0.821832
vt 0.666190 0.829128
vt 0.706272 0.498956
vt 0.709582 0.485105
vt 0.422802 0.152768
vt 0.692591 0.798545
vt 0.304473 0.463564
vt 0.271581 0.475039
vt 0.653495 0.881688
vt 0.639307 0.856734
vt 0.731223 0.756167
vt 0.729311 0.794495
vt 0.739486 0.764311
vt 0.602796 0.891760
vt 0.623066 0.898824
vt 0.174814 0.308286
vt 0.176831 0.347534
vt 0.768407 0.819222
vt 0.755065 0.815475
vt 0.765573 0.846319
vt 0.594244 0.874219
vt 0.608010 0.882700
vt 0.634390 0.877710
vt 0.650214 0.485083
vt 0.254008 0.354548
vt 0.258005 0.341235
vt 0.279185 0.345252
vt 0.625174 0.504556
vt 0.584973 0.678283
vt 0.836682 0.626344
vt 0.134209 0.394153
vt 0.160054 0.387562
vt 0.205765 0.497768
vt 0.834385 0.586215
vt 0.141926 0.375217
vt 0.950784 0.801941
vt 0.114229 0.368783
vt 0.782577 0.617399
vt 0.522106 0.817812
vt 0.487516 0.821742
vt 0.760798 0.582735
vt 0.742675 0.572598
vt 0.737923 0.552473
vt 0.127811 0.383150
vt 0.502702 0.878697
vt 0.763438 0.609725
vt 0.668861 0.613252
vt 0.666609 0.635044
vt 0.202334 0.548727
vt 0.147595 0.507661
vt 0.808892 0.728552
vt 0.795770 0.749780
vt 0.532191 0.458177
vt 0.527121 0.475749
vt 0.933062 0.620685
vt 0.947721 0.590172
vt 0.325699 0.241737
vt 0.463834 0.197550
vt 0.380577 0.404551
vt 0.561172 0.337855
vt 0.466337 0.265966
vt 0.605979 0.767590
vt 0.607996 0.738629
vt 0.624536 0.760764
vt 0.622886 0.779686
vt 0.609510 0.796070
vt 0.566149 0.353549
vt 0.550593 0.337881
vt 0.439304 0.727574
vt 0.463104 0.739617
vt 0.484951 0.738380
vt 0.650227 0.792560
vt 0.626971 0.795054
vt 0.641082 0.775504
vt 0.556028 0.354882
vt 0.819396 0.697962
vt 0.275805 0.400410
vt 0.173178 0.213791
vt 0.177815 0.188175
vt 0.695923 0.715021
vt 0.683407 0.707957
vt 0.304034 0.557694
vt 0.297955 0.535107
vt 0.310718 0.525628
vt 0.841780 0.711878
vt 0.860261 0.718608
vt 0.902196 0.707747
vt 0.393261 0.358397
vt 0.347847 0.359846
vt 0.858528 0.686282
vt 0.354779 0.286668
vt 0.889249 0.699709
vt 0.533335 0.836426
vt 0.369351 0.312390
vt 0.358721 0.337330
vt 0.903696 0.618854
vt 0.881213 0.637115
vt 0.899840 0.660343
vt 0.545238 0.559715
vt 0.174792 0.373757
vt 0.921564 0.717552
vt 0.597351 0.756412
vt 0.579613 0.733174
vt 0.199965 0.204029
vt 0.933126 0.708551
vt 0.209448 0.253460
vt 0.214457 0.195412
vt 0.802684 0.473181
vt 0.808597 0.511197
vt 0.201096 0.216782
vt 0.222296 0.240083
vt 0.200250 0.240381
vt 0.230245 0.205645
vt 0.225400 0.219041
vt 0.210730 0.230678
vt 0.470522 0.410550
vt 0.743149 0.713581
vt 0.763134 0.708111
vt 0.750841 0.701663
vt 0.182953 0.142393
vt 0.158677 0.124974
vt 0.179359 0.110336
vt 0.235137 0.227837
vt 0.277083 0.106870
vt 0.292492 0.079282
vt 0.774140 0.887833
vt 0.482891 0.770716
vt 0.721978 0.771007
vt 0.710346 0.765763
vt 0.362480 0.175198
vt 0.751801 0.967157
vt 0.622927 0.744941
vt 0.653717 0.769200
vt 0.637405 0.747623
vt 0.636413 0.764570
vt 0.644132 0.735609
vt 0.288505 0.212389
vt 0.292096 0.096529
vt 0.287117 0.110020
vt 0.260871 0.203996
vt 0.473255 0.398114
vt 0.479725 0.371437
vt 0.489661 0.389533
vt 0.582170 0.807109
vt 0.260503 0.189530
vt 0.298531 0.570313
vt 0.603260 0.804500
vt 0.810570 0.636670
vt 0.833968 0.652362
vt 0.799120 0.641869
vt 0.485726 0.702795
vt 0.915376 0.614447
vt 0.901548 0.595542
vt 0.559026 0.631457
vt 0.539697 0.629066
vt 0.544234 0.649534
vt 0.582972 0.633614
vt 0.580578 0.619463
vt 0.572938 0.741355
vt 0.303109 0.317250
vt 0.591634 0.628987
vt 0.513395 0.693703
vt 0.719263 0.545913
vt 0.247598 0.263200
vt 0.515115 0.673144
vt 0.624389 0.608521
vt 0.621929 0.923971
vt 0.617180 0.727570
vt 0.523067 0.456016
vt 0.700830 0.908305
vt 0.637642 0.709422
vt 0.628195 0.721797
vt 0.464576 0.384948
vt 0.422066 0.373643
vt 0.613809 0.549846
vt 0.346509 0.124545
vt 0.148595 0.148116
vt 0.913513 0.590985
vt 0.928019 0.598163
vt 0.890017 0.569045
vt 0.356759 0.428811
vt 0.577641 0.910903
vt 0.581719 0.933772
vt 0.333279 0.053948
vt 0.685341 0.724162
vt 0.662813 0.804177
vt 0.535860 0.393135
vt 0.076710 0.403624
vt 0.079909 0.385492
vt 0.115429 0.290387
vt 0.316602 0.220933
vt 0.321158 0.232383
vt 0.251785 0.113692
vt 0.698226 0.520678
vt 0.501863 0.790227
vt 0.140233 0.230235
vt 0.704980 0.710226
vt 0.518776 0.869569
vt 0.308310 0.403548
vt 0.306947 0.369208
vt 0.771834 0.871530
vt 0.217183 0.457609
vt 0.304138 0.348529
vt 0.323190 0.375113
vt 0.725210 0.896687
vt 0.867603 0.799847
vt 0.847492 0.803262
vt 0.869107 0.766511
vt 0.267766 0.485598
vt 0.347441 0.249877
vt 0.335586 0.242756
vt 0.051099 0.209679
vt 0.066303 0.416688
vt 0.879045 0.780460
vt 0.887404 0.810026
vt 0.902563 0.796060
vt 0.438345 0.250919
vt 0.383796 0.419607
vt 0.395082 0.396494
vt 0.924396 0.560097
vt 0.195452 0.249509
vt 0.187915 0.263896
vt 0.206832 0.264352
vt 0.448175 0.466589
vt 0.444805 0.537399
vt 0.447879 0.263616
vt 0.831172 0.907705
vt 0.840387 0.921201
vt 0.028766 0.314171
vt 0.819238 0.798633
vt 0.649381 0.865544
vt 0.458111 0.450474
vt 0.445443 0.279785
vt 0.487037 0.636966
vt 0.375516 0.105500
vt 0.398102 0.109058
vt 0.505639 0.574752
vt 0.671926 0.868807
vt 0.421390 0.109894
vt 0.499984 0.708880
vt 0.413682 0.737538
vt 0.353154 0.372118
vt 0.359762 0.383104
vt 0.068249 0.190683
vt 0.711357 0.703161
vt 0.714676 0.693853
vt 0.357883 0.397694
vt 0.857434 0.813133
vt 0.244803 0.385708
vt 0.285917 0.587335
vt 0.487613 0.860797
vt 0.419869 0.720324
vt 0.454175 0.542690
vt 0.963656 0.780672
vt 0.091456 0.132592
vt 0.812125 0.457820
vt 0.487102 0.094504
vt 0.159076 0.552181
vt 0.590001 0.955746
vt 0.771349 0.967169
vt 0.044584 0.395448
vt 0.404751 0.558614
vt 0.555401 0.214419
vt 0.652386 0.454354
vt 0.825385 0.943173
vt 0.036666 0.345086
vt 0.047010 0.286625
vt 0.867543 0.917004
vt 0.947488 0.563574
vt 0.306280 0.039932
vt 0.384523 0.055355
vt 0.653019 0.946963
vt 0.094300 0.512276
vt 0.930046 0.833194
vt 0.983966 0.753038
vt 0.445745 0.797148
vt 0.313834 0.596784
vt 0.377079 0.568769
vt 0.726970 0.965295
vt 0.785723 0.449665
vt 0.434648 0.687122
vt 0.489411 0.515158
vt 0.555881 0.509562
vt 0.600030 0.483387
vt 0.959484 0.625565
vt 0.449683 0.637950
vt 0.558126 0.459436
vt 0.528679 0.922077
vt 0.502820 0.903305
vt 0.245739 0.589963
vt 0.178238 0.067499
vt 0.212748 0.058285
vt 0.679026 0.978811
vt 0.519430 0.547460
vt 0.582486 0.422527
vt 0.862622 0.513007
vt 0.537911 0.524780
vt 0.750945 0.445813
vt 0.912495 0.856829
vt 0.033093 0.207722
vt 0.856662 0.450978
vt 0.420189 0.534543
vt 0.407114 0.545901
vn -0.687064 0.694298 0.214226
vn -0.655798 0.538523 0.529077
vn -0.697350 0.651719 0.298270
vn 0.594941 0.735331 0.324551
vn 0.623936 0.595656 0.505864
vn 0.673452 0.674135 0.303321
vn 0.385749 0.759372 -0.523978
vn 0.346521 0.546825 -0.762172
vn 0.346922 0.753626 -0.558294
vn -0.186578 -0.486892 -0.853302
vn 0.024378 -0.264618 -0.964045
vn 0.210010 -0.397921 -0.893059
vn -0.980820 -0.049097 0.188630
vn -0.958097 -0.116918 0.261498
vn -0.954942 -0.175393 0.239423
vn 0.409664 -0.907510 0.092738
vn 0.552443 -0.814110 0.178971
vn 0.734035 -0.660496 0.157917
vn -0.218348 -0.257507 0.941283
vn -0.352064 -0.334024 0.874345
vn -0.285831 -0.305822 0.908171
vn 0.452554 0.497047 0.740364
vn 0.576049 0.496509 0.649343
vn 0.591541 0.598367 0.540404
vn -0.724568 -0.136053 -0.675641
vn -0.758604 -0.129283 -0.638597
vn -0.783103 -0.214519 -0.583723
vn -0.547538 0.429381 -0.718216
vn -0.371468 0.731883 -0.571279
vn -0.290370 0.434570 -0.852546
vn 0.360170 0.340337 -0.868590
vn 0.357073 0.301172 -0.884191
vn 0.110975 0.219469 -0.969287
vn 0.842790 -0.404904 0.354623
vn 0.944463 -0.327917 0.021450
vn 0.898526 -0.406822 0.164765
vn 0.402389 0.560733 -0.723645
vn 0.271339 0.527705 -0.804924
vn 0.475906 0.602055 -0.641126
vn -0.201670 0.743458 0.637652
vn -0.141804 0.741365 0.655950
vn -0.257576 0.865199 0.430215
vn 0.200086 -0.661583 0.722685
vn 0.301456 -0.596203 0.744088
vn 0.483742 -0.474570 0.735376
vn 0.098617 -0.993010 -0.064853
vn 0.150102 -0.985547 0.078522
vn 0.086491 -0.996169 0.012935
vn -0.109602 -0.988278 -0.106272
vn 0.045858 -0.998719 -0.021389
vn 0.062944 -0.996070 0.062310
vn -0.997947 -0.053078 -0.035828
vn -0.916512 0.132472 0.377435
vn 0.904640 0.380749 -0.191458
vn 0.866533 0.300929 -0.398199
vn 0.978569 -0.205417 -0.014360
vn 0.986739 0.157511 0.039189
vn 0.950362 0.300220 0.081732
vn 0.917692 0.278008 -0.283817
vn -0.070268 0.833361 -0.548245
vn -0.545922 0.827184 0.133176
vn -0.103955 0.985515 0.133990
vn -0.712342 0.505732 -0.486625
vn -0.720581 0.607458 -0.334303
vn -0.676975 0.718547 -0.159358
vn -0.663562 -0.375462 -0.647081
vn -0.583938 -0.455482 -0.671977
vn -0.761183 -0.562633 -0.322558
vn -0.503535 -0.749776 -0.429288
vn -0.459571 -0.860826 -0.218571
vn -0.463264 -0.848386 -0.256180
vn -0.018840 0.885006 0.465199
vn -0.263592 0.734981 0.624758
vn 0.036906 0.835969 0.547534
vn 0.115670 -0.077436 0.990265
vn 0.004770 0.234133 0.972193
vn -0.056049 0.070889 0.995908
vn 0.031515 0.972360 -0.231350
vn -0.149101 0.964080 -0.219813
vn -0.250793 0.965779 -0.066138
vn 0.691297 0.675316 0.257015
vn 0.684487 0.661965 0.305417
vn 0.450070 -0.892714 -0.022325
vn 0.586737 -0.509998 -0.629001
vn 0.201922 -0.870955 -0.447957
vn 0.920057 -0.121505 -0.372466
vn 0.633378 -0.191076 -0.749882
vn 0.797475 -0.215779 -0.563447
vn -0.599692 -0.797718 0.063375
vn -0.471765 -0.852073 0.226736
vn -0.511278 -0.859414 -0.001478
vn -0.804069 -0.223769 0.550818
vn -0.697245 -0.211530 0.684912
vn -0.695915 -0.267400 0.666483
vn 0.840128 -0.218499 0.496431
vn 0.861534 -0.195299 0.468633
vn 0.939059 -0.082714 0.333658
vn 0.718553 -0.571551 0.396246
vn 0.664875 -0.586219 0.462913
vn 0.489146 -0.727109 0.481714
vn 0.138634 0.031803 -0.989833
vn 0.232810 -0.424050 -0.875203
vn 0.602430 -0.066785 -0.795373
vn -0.659791 -0.006584 -0.751420
vn -0.585331 0.232358 -0.776787
vn -0.550541 -0.036171 -0.834024
vn 0.080744 0.115588 0.990010
vn -0.102745 0.341397 0.934287
vn -0.389609 0.101362 0.915385
vn 0.510712 -0.563281 0.649529
vn 0.309355 -0.584296 0.750265
vn 0.233355 -0.506267 0.830204
vn 0.098105 -0.470440 -0.876962
vn -0.437879 -0.139495 -0.888146
vn -0.506772 -0.517875 -0.689193
vn 0.119780 0.064434 -0.990707
vn 0.141278 0.044712 -0.988960
vn 0.105525 -0.011210 -0.994353
vn -0.177748 0.836043 0.519075
vn -0.688993 0.521632 0.503179
vn -0.281539 0.724027 0.629699
vn -0.876045 0.020220 0.481806
vn -0.755375 -0.402843 0.516843
vn -0.799445 -0.057117 0.598018
vn 0.616680 -0.773613 -0.145701
vn 0.696642 -0.697510 -0.167838
vn 0.711558 -0.686784 -0.148370
vn 0.630810 -0.315635 -0.708839
vn 0.710807 -0.629991 -0.312834
vn -0.961277 -0.244295 -0.127540
vn -0.978824 -0.023395 -0.203363
vn -0.821853 0.024578 -0.569169
vn -0.720351 0.373975 -0.584155
vn 0.461193 -0.638603 -0.616025
vn 0.387221 -0.691434 -0.609901
vn 0.233918 -0.464537 -0.854101
vn 0.106249 0.000973 -0.994339
vn -0.181719 -0.167421 -0.968994
vn -0.968380 0.247617 0.030439
vn -0.958442 0.229552 0.169399
vn -0.935393 0.036669 0.351704
vn -0.481901 0.377657 0.790662
vn -0.211791 0.562743 0.799040
vn -0.506791 0.499505 0.702608
vn 0.689882 -0.252356 -0.678513
vn 0.612679 0.688683 -0.387738
vn 0.584117 0.762365 -0.278580
vn 0.715512 0.615748 -0.329995
vn -0.540936 -0.610824 0.578171
vn -0.750879 -0.587005 0.302663
vn -0.464856 -0.676443 0.571257
vn -0.036282 -0.921583 0.386481
vn 0.179442 -0.902486 0.391562
vn -0.055247 -0.852550 0.519718
vn -0.198411 0.952781 -0.229872
vn -0.352576 0.792590 -0.497485
vn -0.361506 0.898899 -0.247578
vn -0.557800 0.727251 -0.399956
vn -0.463392 -0.202353 0.862740
vn -0.306223 -0.657286 0.688624
vn -0.271072 -0.562211 0.781306
vn -0.520095 -0.531987 0.668200
vn 0.857641 0.507576 -0.082568
vn 0.715551 0.645388 -0.267322
vn 0.987141 0.145170 0.066916
vn -0.058747 0.615660 0.785819
vn 0.279654 0.741104 0.610376
vn 0.554917 0.456010 0.695789
vn -0.624604 -0.766892 -0.147470
vn -0.705598 -0.692388 -0.150766
vn -0.539408 -0.807566 -0.238489
vn -0.972497 -0.232750 -0.008746
vn -0.906256 -0.347091 -0.241306
vn -0.991680 0.004859 -0.128633
vn 0.716839 0.583692 -0.381373
vn 0.627724 0.669622 -0.396950
vn 0.673369 0.560428 -0.482176
vn 0.613004 0.789323 0.034569
vn 0.867245 0.490785 -0.083762
vn 0.564642 0.813528 -0.139110
vn -0.216642 -0.182484 0.959044
vn -0.438646 -0.430268 0.788961
vn -0.077788 -0.271827 0.959197
vn -0.681221 0.513240 0.522037
vn 0.958145 0.281354 -0.052904
vn 0.965819 0.211589 0.149748
vn 0.961134 -0.275235 -0.021607
vn 0.869554 0.313380 -0.381665
vn 0.994941 0.045586 -0.089522
vn 0.988783 -0.149227 -0.006286
vn -0.679110 0.733862 0.016014
vn -0.654962 0.473810 -0.588667
vn -0.602404 0.523051 -0.602932
vn -0.505427 0.774003 -0.381396
vn -0.573058 0.789340 0.220335
vn -0.657010 0.753158 0.033036
vn 0.608723 -0.760113 -0.227341
vn 0.642409 -0.745395 -0.178035
vn 0.641528 -0.641011 -0.421363
vn 0.726973 -0.381020 -0.571257
vn 0.789640 -0.250169 -0.560254
vn 0.667527 -0.593356 -0.449818
vn 0.136826 0.669249 0.730332
vn 0.278831 0.153157 0.948049
vn 0.157791 0.190751 0.968874
vn -0.347061 -0.751641 -0.560878
vn -0.093008 -0.949143 -0.300793
vn -0.319454 -0.865186 -0.386527
vn -0.414192 -0.830972 -0.371391
vn -0.681080 -0.698294 -0.220265
vn 0.554004 -0.135201 -0.821462
vn 0.991461 0.048262 -0.121142
vn 0.975895 0.050542 -0.212308
vn 0.971466 -0.222132 -0.083138
vn -0.610072 0.556246 0.564272
vn -0.853494 0.429065 0.295722
vn -0.905357 0.384099 0.181096
vn -0.419636 0.520916 0.743338
vn -0.427770 0.764483 0.482264
vn -0.416697 0.596272 0.686166
vn 0.697867 -0.554362 0.453502
vn 0.297974 -0.848686 0.436971
vn 0.389983 -0.885347 0.253129
vn 0.097820 -0.703342 0.704089
vn 0.128402 -0.860285 0.493379
vn 0.032557 -0.922423 0.384806
vn -0.601230 0.475012 0.642562
vn -0.250139 0.611123 0.750972
vn -0.008696 0.990196 0.139416
vn 0.164496 0.985360 0.044803
vn -0.012780 0.946844 0.321440
vn 0.175893 -0.066171 -0.982183
vn -0.020798 0.143787 -0.989390
vn 0.033986 0.039142 -0.998655
vn -0.344079 -0.056519 -0.937238
vn 0.834256 0.168945 0.524857
vn 0.435582 0.515843 0.737682
vn 0.786423 0.239290 0.569455
vn 0.941569 0.228040 0.247880
vn 0.836910 0.366316 0.406687
vn 0.845639 0.337215 0.413741
vn -0.600550 0.795957 -0.076109
vn -0.189464 0.893247 0.407692
vn -0.122199 0.832013 0.541129
vn -0.578098 0.103436 -0.809385
vn -0.481715 0.002910 -0.876323
vn -0.415757 -0.194068 -0.888529
vn -0.487918 -0.543676 -0.682900
vn -0.476141 -0.636795 -0.606451
vn 0.083147 -0.476962 0.874982
vn 0.243582 -0.741992 0.624592
vn 0.772562 -0.114302 0.624567
vn 0.897171 -0.059586 0.437647
vn 0.679848 0.648600 0.342236
vn 0.658286 0.738361 0.146572
vn 0.792866 0.553642 -0.254644
vn 0.571532 0.811809 -0.119657
vn -0.811649 -0.581418 0.056383
vn -0.688217 -0.668928 0.280877
vn -0.960908 0.175759 0.213928
vn -0.919209 -0.291666 0.264547
vn 0.567683 -0.822393 -0.037498
vn 0.323259 -0.945088 -0.048087
vn 0.307965 -0.951195 0.019612
vn 0.563694 0.354501 0.746042
vn 0.325153 0.307663 0.894214
vn 0.199586 0.239492 0.950163
vn 0.349444 0.312462 0.883321
vn -0.960522 -0.227892 -0.159569
vn -0.999587 0.000772 -0.028723
vn -0.898988 -0.141999 -0.414315
vn -0.019935 0.999797 0.002943
vn 0.099499 0.994942 -0.013818
vn -0.061862 0.978934 -0.194581
vn 0.047343 0.991416 -0.121877
vn 0.102379 0.849572 -0.517442
vn -0.069435 0.964393 -0.255196
vn -0.229489 -0.671194 -0.704864
vn -0.257129 -0.728992 -0.634394
vn -0.182737 -0.715297 -0.674505
vn -0.454599 -0.633391 -0.626223
vn -0.306007 -0.714431 -0.629244
vn -0.994328 -0.027583 0.102716
vn -0.972444 0.081577 -0.218401
vn -0.985010 -0.006641 -0.172369
vn -0.874484 0.478045 0.082163
vn -0.849251 0.349486 0.395767
vn -0.754636 0.612887 0.234293
vn 0.780193 0.365166 -0.507891
vn 0.622539 0.731461 -0.278225
vn 0.442565 0.381381 0.811594
vn 0.583552 0.718300 0.378831
vn 0.061584 0.699566 0.711910
vn -0.841837 0.120611 0.526083
vn -0.859992 -0.163272 0.483483
vn -0.956339 -0.279545 0.085268
vn 0.346147 0.014527 -0.938068
vn 0.453351 -0.231715 -0.860686
vn 0.359459 -0.072204 -0.930363
vn 0.399954 -0.200123 -0.894420
vn 0.445900 -0.124293 -0.886411
vn -0.325883 0.925499 0.193007
vn -0.317807 0.894892 -0.313317
vn 0.144865 0.833293 0.533514
vn 0.573795 0.778084 0.255628
vn 0.542340 0.840053 -0.013391
vn -0.466188 0.210038 -0.859391
vn -0.389033 0.650118 -0.652686
vn 0.628861 0.073702 0.774017
vn 0.418559 0.069400 0.905534
vn 0.674087 -0.272583 0.686517
vn 0.918399 -0.192405 0.345721
vn 0.856155 -0.338322 0.390560
vn -0.128937 -0.946509 0.295798
vn -0.200199 -0.932754 0.299818
vn -0.652840 -0.736464 -0.177258
vn 0.317926 0.538022 -0.780676
vn 0.382014 0.465113 -0.798584
vn 0.130541 0.720836 -0.680701
vn 0.678505 0.589475 -0.438350
vn 0.559815 0.698070 -0.446436
vn 0.762991 0.553739 -0.333494
vn -0.351070 0.815731 -0.459710
vn -0.364601 0.872259 -0.325930
vn -0.359771 0.589952 -0.722857
vn -0.286347 0.864340 -0.413427
vn 0.366235 0.274978 -0.888965
vn 0.275117 0.523843 -0.806163
vn -0.856006 -0.271685 0.439819
vn -0.938912 -0.024450 0.343289
vn -0.786375 -0.329689 0.522417
vn 0.100148 0.875568 0.472600
vn -0.088880 0.635956 0.766590
vn 0.188808 0.636314 0.747968
vn 0.769839 -0.613460 0.176111
vn 0.813487 -0.535307 0.227346
vn 0.696393 -0.689477 0.199143
vn 0.584717 -0.738146 0.336521
vn 0.810649 -0.568105 0.141794
vn -0.919195 -0.354963 -0.170537
vn -0.949287 -0.281445 0.140157
vn -0.773969 -0.421182 -0.472841
vn -0.092134 -0.070130 0.993274
vn -0.152662 -0.123125 0.980579
vn 0.326911 -0.512573 0.793976
vn 0.540995 -0.820106 -0.186416
vn 0.897710 -0.432667 0.083167
vn 0.886664 -0.458615 -0.059148
vn 0.875346 -0.475375 -0.088248
vn -0.100214 0.994963 0.002444
vn 0.073733 0.906002 -0.416802
vn -0.839946 0.480427 0.252351
vn -0.183031 0.024368 0.982805
vn -0.296146 -0.133356 0.945787
vn -0.144699 -0.264842 0.953373
vn -0.259313 -0.583131 0.769880
vn -0.523775 -0.477832 0.705220
vn 0.021537 -0.638093 0.769658
vn 0.866591 0.491446 0.086613
vn 0.964026 0.227257 0.137872
vn 0.963847 0.234729 0.126100
vn 0.735563 0.539402 0.409869
vn -0.502137 0.627208 -0.595373
vn 0.121085 0.744844 -0.656160
vn 0.275584 0.093860 0.956684
vn 0.520185 0.027890 0.853598
vn 0.257280 -0.102058 0.960932
vn 0.210736 0.458240 -0.863485
vn 0.132871 0.089339 -0.987099
vn 0.339562 0.436160 -0.833344
vn 0.025116 0.300289 -0.953518
vn 0.259205 0.494002 -0.829924
vn 0.000727 0.932450 -0.361299
vn 0.053410 0.980703 0.188067
vn 0.790940 0.457529 0.406302
vn 0.755208 0.331313 0.565591
vn 0.618396 0.448626 0.645229
vn 0.460506 0.613651 0.641379
vn -0.027199 0.196188 -0.980189
vn -0.307005 0.712584 -0.630850
vn -0.581457 0.534209 -0.613619
vn -0.447947 0.719775 -0.530347
vn 0.780226 -0.449358 -0.435116
vn 0.570231 -0.406826 -0.713673
vn 0.535587 -0.630111 -0.562234
vn 0.545217 -0.256797 -0.797994
vn 0.855401 0.512155 0.077372
vn 0.778701 0.570849 0.260300
vn 0.720588 0.667739 0.186756
vn 0.706037 0.299479 0.641735
vn 0.780092 0.545728 0.306003
vn -0.102099 0.918840 -0.381195
vn -0.248874 0.921261 -0.298898
vn -0.199544 0.952649 0.229438
vn -0.205614 0.974290 -0.092098
vn -0.267084 0.963669 0.002843
vn -0.077096 0.992927 0.090296
vn 0.849580 -0.284832 -0.443942
vn 0.658776 -0.355827 -0.662874
vn 0.785972 -0.178842 -0.591831
vn 0.844317 -0.534829 0.032960
vn 0.115252 0.884904 -0.451290
vn 0.077840 0.629884 -0.772779
vn -0.232156 0.845648 -0.480606
vn 0.498450 0.575421 0.648412
vn 0.101063 0.712319 0.694542
vn 0.456485 0.394303 0.797588
vn -0.091950 0.807878 0.582132
vn 0.833748 0.366354 0.413098
vn 0.906278 0.254094 0.337781
vn 0.082002 0.948297 -0.306608
vn 0.066229 -0.942750 0.326857
vn 0.043224 -0.855152 0.516572
vn -0.167156 -0.917135 0.361833
vn -0.093208 -0.560817 0.822676
vn 0.775717 0.359728 0.518516
vn 0.756064 0.091036 0.648135
vn 0.686977 0.475176 0.549791
vn 0.448704 -0.304774 -0.840106
vn -0.105376 -0.128631 -0.986078
vn 0.021932 -0.006801 -0.999736
vn -0.704175 -0.005549 0.710005
vn -0.706628 0.019455 0.707317
vn -0.577556 0.329068 0.747090
vn -0.822810 -0.087395 0.561556
vn -0.754160 -0.133638 0.642949
vn 0.515523 0.814217 0.266996
vn 0.892831 0.448026 0.046109
vn 0.835648 0.506294 0.212976
vn -0.894861 0.135292 0.425347
vn -0.783874 0.302710 0.542134
vn -0.820620 0.473344 0.320201
vn -0.778850 0.514669 0.358481
vn -0.226388 -0.600423 -0.766969
vn 0.017465 -0.113451 -0.993390
vn -0.363378 -0.215818 -0.906300
vn -0.760810 -0.229885 0.606895
vn -0.569917 0.145984 0.808631
vn -0.564210 -0.428773 0.705564
vn -0.978704 0.076919 0.190323
vn -0.933847 0.284343 -0.216975
vn -0.862023 0.499260 -0.087504
vn -0.887114 -0.235392 0.397013
vn -0.992370 0.120720 0.025083
vn -0.970080 0.006831 -0.242688
vn -0.953288 -0.257640 -0.157685
vn -0.932338 0.095352 0.348790
vn -0.947197 -0.020630 0.319987
vn 0.296910 -0.474825 -0.828484
vn -0.255176 -0.799777 -0.543361
vn -0.237375 -0.718974 -0.653246
vn -0.878373 -0.144507 -0.455608
vn -0.943260 -0.073589 0.323797
vn 0.687584 0.685554 -0.239258
vn 0.468077 0.680794 -0.563403
vn 0.779523 0.144039 -0.609587
vn -0.998016 0.001620 0.062939
vn -0.851278 -0.523678 -0.032969
vn -0.886659 0.157632 0.434728
vn -0.832887 -0.148137 0.533249
vn -0.210067 -0.977682 0.003157
vn -0.336922 -0.799132 -0.497867
vn 0.238086 -0.734114 -0.635918
vn 0.273884 -0.306574 -0.911592
vn 0.303632 -0.080410 -0.949390
vn 0.087926 0.059148 -0.994369
vn -0.077006 -0.659800 -0.747485
vn -0.021214 -0.999730 -0.009480
vn -0.027126 -0.997760 0.061154
vn -0.826406 -0.347451 0.443092
vn -0.656874 -0.403327 0.637059
vn -0.689745 -0.359221 0.628659
vn 0.062538 -0.969608 -0.236536
vn 0.044880 -0.998976 0.005691
vn 0.268899 0.057494 -0.961451
vn 0.200036 0.281622 -0.938443
vn 0.190202 0.058037 -0.980028
vn -0.585332 -0.495174 0.642020
vn -0.713036 -0.166370 0.681102
vn -0.629868 -0.175790 0.756547
vn 0.816116 0.455275 0.355920
vn 0.718916 0.617038 0.320038
vn 0.321703 -0.374646 -0.869567
vn 0.497182 0.088298 -0.863141
vn -0.194020 -0.304793 -0.932447
vn -0.471190 -0.064326 -0.879683
vn -0.217373 -0.486750 -0.846063
vn -0.976819 -0.154003 0.148685
vn -0.675209 -0.666392 0.316251
vn -0.498586 -0.723246 0.477836
vn -0.329996 -0.908652 0.255841
vn -0.376533 -0.924923 0.052354
vn -0.457484 -0.881411 0.117572
vn -0.259256 -0.490961 -0.831712
vn -0.465041 -0.350095 -0.813124
vn -0.218887 -0.032410 -0.975212
vn -0.077262 0.852300 0.517316
vn -0.654561 -0.352862 0.668609
vn -0.661072 -0.128184 0.739293
vn -0.286542 -0.527745 0.799612
vn 0.037272 0.966024 -0.255749
vn 0.121787 0.950617 -0.285473
vn 0.228223 -0.970869 0.072997
vn 0.129578 -0.925271 0.356487
vn -0.071477 -0.870875 0.486280
vn 0.270633 -0.340115 -0.900599
vn 0.239773 -0.053418 -0.969358
vn 0.333181 0.176156 -0.926261
vn 0.240108 -0.486733 -0.839904
vn 0.106072 -0.110340 -0.988217
vn -0.507570 -0.296728 -0.808903
vn -0.300611 -0.206720 -0.931075
vn 0.215401 -0.976228 -0.024114
vn -0.181858 -0.961666 0.205245
vn -0.040392 -0.877027 0.478740
vn -0.260147 -0.771814 0.580195
vn -0.011908 -0.780463 0.625089
vn -0.765114 -0.108075 -0.634760
vn -0.723835 -0.208031 -0.657865
vn -0.667365 0.074305 -0.741014
vn -0.529647 -0.123571 -0.839169
vn 0.964844 0.040932 0.259616
vn 0.846941 0.513702 -0.137116
vn 0.912653 0.407655 0.029711
vn 0.995558 -0.067934 -0.065193
vn 0.956960 -0.197990 -0.212196
vn 0.988569 0.020081 0.149428
vn 0.627729 -0.217285 0.747491
vn 0.659770 -0.200798 0.724143
vn 0.717846 -0.476937 0.507176
vn 0.934732 -0.168270 0.312988
vn 0.843300 -0.453287 -0.288749
vn 0.933186 -0.122137 -0.338004
vn 0.924308 -0.154394 -0.349024
vn 0.948939 -0.136687 -0.284310
vn -0.310303 -0.759568 -0.571637
vn -0.283266 -0.820217 -0.496996
vn -0.238996 -0.429675 -0.870781
vn -0.698032 -0.583474 -0.415102
vn 0.076466 0.630922 0.772069
vn 0.210647 0.854242 0.475288
vn 0.952590 -0.211105 -0.219105
vn -0.106885 -0.712195 -0.693796
vn 0.873260 -0.405892 0.269570
vn 0.971296 0.149959 0.184650
vn 0.984131 0.176400 0.019225
vn 0.270099 0.960590 0.065670
vn 0.667805 -0.295440 0.683193
vn 0.888439 -0.345568 0.302089
vn 0.811257 -0.454811 0.367435
vn 0.674735 0.514072 0.529588
vn -0.714424 0.419602 0.559940
vn -0.783698 0.307186 0.539865
vn -0.647965 0.609248 0.457120
vn -0.416171 0.875909 0.244100
vn 0.787363 0.270961 0.553751
vn 0.715994 0.103971 0.690321
vn -0.770493 0.530397 0.353582
vn -0.598166 -0.735476 -0.318235
vn -0.730947 -0.649450 0.209595
vn -0.354490 0.253651 -0.899999
vn 0.056972 0.283018 -0.957421
vn -0.236625 0.817273 0.525427
vn -0.088325 0.601061 0.794308
vn -0.104042 0.831599 0.545544
vn -0.432720 0.802341 0.411100
vn -0.012881 0.713940 0.700089
vn -0.965997 0.097426 -0.239495
vn -0.990879 -0.015764 -0.133831
vn -0.836682 -0.519369 -0.173834
vn -0.725216 -0.682234 -0.092834
vn -0.803645 -0.566961 0.180858
vn -0.253922 0.881231 -0.398692
vn -0.065731 0.901992 -0.426720
vn -0.116484 0.662063 0.740341
vn -0.370271 0.907727 -0.197311
vn 0.616697 0.656423 -0.434503
vn 0.693498 0.719829 0.030114
vn 0.981195 0.169222 0.092847
vn 0.686101 0.707129 -0.170978
vn -0.968925 -0.048120 -0.242630
vn -0.873157 -0.262007 0.411034
vn -0.743084 -0.652993 0.146376
vn -0.918051 -0.395731 0.024096
vn 0.916791 0.288838 -0.275802
vn 0.625915 0.680818 -0.380417
vn 0.726524 0.685296 -0.050318
vn -0.792384 -0.263892 0.549990
vn 0.915177 -0.015556 -0.402753
vn 0.779110 0.626640 -0.017593
vn 0.453422 0.882818 -0.122645
vn 0.842300 0.538698 -0.018334
vn -0.390151 -0.920368 0.026533
vn -0.400971 -0.915443 -0.034461
vn 0.771905 -0.634271 -0.043159
vn 0.672252 -0.732456 -0.107635
vn 0.832842 -0.517889 -0.195357
vn 0.082959 -0.989685 0.116793
vn -0.060718 -0.983012 0.173209
vn -0.412202 -0.584697 -0.698727
vn 0.184344 -0.922338 -0.339574
vn -0.541298 0.648729 -0.534927
vn -0.465337 0.674645 -0.572989
vn -0.360131 0.501996 -0.786324
vn -0.511195 0.640460 -0.573141
vn -0.543106 0.635555 -0.548731
vn 0.586569 0.666616 0.459956
vn 0.547543 0.374113 0.748489
vn 0.669202 -0.051268 0.741310
vn 0.687629 0.253457 0.680386
vn 0.434087 -0.572152 0.695853
vn 0.296620 -0.597796 0.744753
vn 0.475188 -0.751732 0.457270
vn -0.872634 -0.145885 -0.466078
vn -0.761054 -0.098349 -0.641190
vn -0.872874 -0.269554 -0.406733
vn 0.170826 -0.499854 0.849096
vn -0.493874 -0.168642 0.853023
vn -0.303819 -0.304152 0.902876
vn -0.234113 -0.829057 0.507794
vn -0.578924 -0.354796 -0.734143
vn 0.181077 -0.621841 0.761922
vn 0.026615 -0.341673 0.939442
vn -0.209246 -0.260106 -0.942635
vn -0.298330 -0.950515 -0.086721
vn -0.443304 -0.880402 0.168444
vn -0.044836 -0.998613 -0.027591
vn -0.472111 -0.844829 0.251746
vn -0.756326 -0.597479 0.266439
vn -0.839569 -0.020043 0.542883
vn -0.799321 0.594833 0.085201
vn -0.861696 0.452227 0.230154
vn -0.915000 0.403392 0.007029
vn -0.299181 0.228569 -0.926416
vn -0.747178 0.663567 0.037456
vn -0.453601 0.795045 -0.402678
vn -0.702656 0.690339 -0.172353
vn 0.073389 0.997186 0.015278
vn 0.499841 0.839578 -0.212763
vn 0.415449 0.851478 -0.319980
vn 0.321285 0.922638 -0.213344
vn 0.182951 -0.898567 0.398882
vn -0.368949 0.666292 -0.648022
vn -0.872363 0.169370 -0.458581
vn -0.510923 0.523606 -0.681758
vn 0.475297 0.813898 -0.334160
vn 0.337372 0.940856 -0.031164
vn -0.973146 -0.201771 0.110795
vn -0.974067 -0.225752 -0.015125
vn -0.998503 0.001126 0.054689
vn -0.434693 0.744876 -0.506163
vn -0.116881 -0.991165 0.062700
vn 0.031167 -0.981384 0.189510
vn -0.279563 -0.285340 0.916747
vn 0.665683 -0.016871 -0.746044
vn 0.617369 0.157276 -0.770792
vn 0.887862 0.103464 -0.448326
vn 0.965068 -0.247700 -0.085377
vn 0.944222 0.285667 -0.163827
vn 0.537607 -0.716715 -0.444183
vn 0.204284 -0.975955 -0.076030
vn 0.067643 -0.994097 0.084825
vn 0.797936 0.288653 -0.529129
vn 0.602229 0.127358 -0.788099
vn 0.656231 0.062629 -0.751956
vn 0.527647 0.121275 -0.840762
vn 0.211872 0.511386 0.832823
vn 0.497481 0.472186 0.727704
vn 0.433648 0.352555 0.829249
vn 0.168893 -0.658966 0.732966
vn 0.021449 0.462775 -0.886216
vn 0.217638 0.667053 -0.712513
vn 0.503729 -0.159309 -0.849046
vn 0.563289 -0.652213 -0.507271
vn 0.838831 -0.382693 0.387180
vn 0.499029 -0.790283 0.355561
vn 0.010109 0.133776 -0.990960
vn -0.197086 0.629616 -0.751492
vn -0.628185 0.694256 -0.351272
vn 0.747655 0.626027 0.221590
vn 0.728888 0.561989 0.391012
vn -0.598464 0.605064 0.525108
vn -0.634546 0.647463 0.422069
vn 0.732687 -0.656821 0.178199
vn 0.482244 -0.856247 0.185153
vn 0.476113 -0.863290 0.167473
vn 0.819499 0.526965 0.225233
vn -0.259530 0.618222 0.741920
vn -0.018743 0.636469 0.771075
vn -0.101118 0.536319 0.837937
vn -0.107168 0.828221 0.550060
vn -0.842779 -0.131315 0.521996
vn -0.970250 -0.218811 0.103616
vn -0.971284 0.236424 -0.026678
vn -0.406324 -0.642444 -0.649743
vn -0.463421 -0.611964 -0.640891
vn -0.553843 -0.631986 -0.542081
vn -0.657220 -0.650990 -0.379834
vn -0.419112 -0.804663 -0.420550
vn -0.145960 -0.984953 -0.092542
vn -0.414102 -0.081460 0.906578
vn -0.284923 -0.028690 0.958121
vn 0.147244 0.451585 0.879995
vn -0.283937 0.306805 0.908433
vn -0.807837 -0.106094 0.579779
vn -0.994911 0.096589 -0.028683
vn 0.718677 0.692675 0.060872
vn 0.887145 0.368934 0.277238
vn 0.880757 0.464488 0.092295
vn 0.372598 0.584479 -0.720801
vn 0.420480 0.526278 -0.739072
vn 0.486622 0.798301 -0.354844
vn 0.927929 -0.372749 0.002497
vn 0.802744 -0.586738 0.106496
vn -0.384780 -0.177991 0.905684
vn -0.301677 -0.077105 0.950287
vn -0.591696 -0.299411 0.748498
vn 0.389597 0.383994 -0.837116
vn 0.363506 0.151137 -0.919250
vn 0.124246 -0.090711 -0.988096
vn -0.543165 -0.837660 -0.057418
vn -0.621993 -0.649981 -0.436634
vn 0.907555 -0.407363 -0.101978
vn 0.870479 -0.375359 0.318389
vn -0.561329 -0.584043 -0.586347
vn 0.091303 -0.362730 -0.927411
vn 0.553824 0.035896 -0.831860
vn -0.446187 -0.061453 0.892828
vn 0.272224 0.631746 -0.725804
vn 0.296255 0.831639 -0.469692
vn -0.102950 0.808864 -0.578913
vn -0.153049 0.966744 0.204897
vn -0.192220 0.973428 0.124460
vn 0.126692 0.965137 0.229039
vn -0.745644 -0.666245 0.011504
vn -0.683146 -0.726350 0.075679
vn -0.787356 -0.613630 0.059408
vn 0.765634 -0.633580 0.111265
vn 0.868115 -0.464526 0.174905
vn 0.972631 -0.118744 0.199724
vn -0.604580 -0.090616 0.791373
vn -0.121331 -0.179455 0.976255
vn -0.447832 0.394535 0.802365
vn 0.251855 0.300047 0.920077
vn 0.053802 0.370991 0.927077
vn 0.223141 0.090527 0.970574
vn -0.107666 -0.362809 0.925623
vn -0.968374 -0.090517 -0.232506
vn -0.808688 0.455529 0.372179
vn -0.848317 -0.187209 0.495288
vn 0.136600 -0.989239 -0.052403
vn -0.425207 0.132865 -0.895291
vn -0.458356 0.114006 -0.881427
vn 0.976461 -0.156462 -0.148473
vn 0.865560 -0.444336 -0.231023
vn 0.803140 -0.233642 0.548066
vn -0.516905 0.011594 -0.855964
vn -0.305368 0.899242 0.313232
vn -0.754216 0.542789 0.369511
vn -0.762148 0.152767 -0.629121
vn -0.742010 0.431026 -0.513457
vn 0.459553 -0.082426 -0.884317
vn -0.556614 -0.128556 -0.820764
vn 0.087410 -0.533479 -0.841285
vn -0.554679 0.540184 -0.632877
vn -0.747161 0.354868 -0.561978
vn -0.765366 -0.330768 0.552094
vn -0.823185 0.003276 0.567764
vn -0.596052 -0.119437 -0.794013
vn -0.410642 0.043054 -0.910780
vn -0.663121 -0.472836 -0.580256
vn -0.487737 0.624291 -0.610224
vn -0.668995 0.439045 -0.599737
vn -0.599093 0.264021 -0.755897
vn 0.906918 0.026186 -0.420494
vn -0.601428 -0.048387 0.797460
vn -0.559955 -0.074573 0.825160
vn -0.301519 0.110308 0.947058
vn 0.617177 0.585663 -0.525444
vn 0.375301 0.586347 -0.717876
vn 0.426201 -0.719623 -0.548175
vn -0.990364 0.011934 0.137975
vn -0.967033 -0.091140 0.237784
vn -0.923068 0.178792 0.340556
vn 0.492986 -0.766226 -0.412145
vn -0.901637 -0.177978 0.394175
vn -0.497026 -0.863533 -0.085304
vn -0.990478 0.137547 -0.005892
vn 0.737166 -0.370314 -0.565202
vn -0.405203 0.822323 -0.399493
vn -0.288327 0.816543 -0.500125
vn 0.483371 -0.280537 -0.829247
vn 0.799440 -0.046096 -0.598976
vn 0.933681 -0.015551 -0.357767
vn -0.975944 -0.165300 0.142156
vn -0.570473 0.745103 -0.345519
vn 0.763007 -0.363336 -0.534609
vn 0.606237 0.218130 -0.764785
vn 0.221766 -0.033620 -0.974520
vn -0.874276 0.453396 0.173416
vn -0.910146 0.115538 0.397850
vn -0.317564 -0.256504 -0.912885
vn 0.244342 -0.400861 -0.882954
vn 0.539418 0.593429 -0.597386
vn 0.264926 0.834932 -0.482392
vn 0.680626 -0.657567 -0.323038
vn 0.636069 -0.771554 0.011028
vn 0.031499 -0.475248 0.879288
vn 0.842208 -0.303539 0.445590
vn 0.080015 0.743183 0.664286
vn 0.448620 0.620254 0.643448
vn 0.799186 0.367850 0.475383
vn -0.318936 0.423368 -0.847962
vn -0.083126 0.161173 -0.983419
vn 0.174019 0.312624 -0.933801
vn -0.777993 0.002153 -0.628269
vn -0.746746 0.202155 -0.633643
vn 0.772294 0.490655 0.403509
vn 0.674930 0.735404 -0.060424
vn 0.056098 0.926354 -0.372453
vn 0.040105 0.863510 -0.502734
vn -0.178669 0.979316 -0.094959
vn -0.498440 0.377100 -0.780611
vn -0.416507 0.537495 -0.733226
vn -0.625223 0.189890 -0.756992
vn 0.976297 0.180800 -0.118975
vn 0.105134 -0.548096 -0.829782
vn -0.769327 0.003711 0.638844
vn -0.453747 -0.761615 0.462662
vn 0.008361 -0.976238 0.216539
vn 0.153962 -0.086169 -0.984312
vn 0.281046 0.267304 -0.921717
vn -0.748048 0.651917 -0.124212
vn -0.865901 0.327471 0.378126
vn -0.681461 0.219891 0.698039
vn -0.041653 -0.870367 -0.490638
vn -0.398423 -0.491416 -0.774448
vn 0.368109 -0.921228 0.125839
vn 0.321652 0.548577 0.771754
vn 0.177933 0.265244 0.947621
vn 0.246175 -0.573471 -0.781364
vn 0.463540 -0.086930 0.881802
vn 0.078291 -0.996512 0.028869
vn -0.409396 0.707904 -0.575558
vn 0.155417 0.283085 0.946419
vn 0.386184 0.081802 0.918788
vn 0.550208 -0.831788 -0.073482
vn 0.356210 -0.925971 -0.125268
vn 0.001825 -0.816720 -0.577032
vn 0.875119 0.471308 -0.109709
vn -0.805045 -0.110492 0.582832
vn 0.042051 -0.983350 -0.176790
vn -0.148773 0.434653 -0.888225
vn -0.239592 0.475036 -0.846721
vn -0.010432 -0.788296 0.615208
vn 0.025272 -0.999674 -0.003743
vn -0.364864 -0.481593 0.796833
vn 0.078870 -0.938272 0.336786
vn 0.866656 -0.459705 -0.193853
vn 0.823719 -0.554634 0.117759
vn -0.469261 -0.526399 0.709012
vn -0.300466 -0.473075 0.828203
vn -0.103977 -0.850581 0.515462
vn 0.079602 -0.828730 0.553959
vn -0.436915 -0.609577 0.661454
vn -0.457296 -0.679039 0.574270
vn 0.532432 0.480934 0.696576
vn -0.344289 -0.539287 -0.768527
vn -0.608469 -0.313066 -0.729216
vn 0.295458 0.203546 -0.933420
vn -0.219942 -0.958878 0.179385
vn -0.230824 -0.958023 0.170036
vn -0.176152 -0.969948 0.167841
vn -0.434842 -0.437495 0.787090
vn 0.323738 -0.933618 0.153465
vn 0.287839 -0.948535 0.132022
vn -0.675804 -0.261813 -0.689016
vn -0.229842 0.959581 -0.162410
vn -0.212686 -0.234273 -0.948621
vn -0.162268 -0.085986 -0.982993
vn 0.288979 -0.758230 0.584447
vn -0.963373 -0.147574 -0.223909
vn -0.079521 0.387552 -0.918412
vn -0.452765 0.412025 -0.790720
vn -0.046645 0.765883 -0.641286
vn -0.257503 0.372668 -0.891522
vn -0.313780 0.447452 -0.837454
vn 0.135981 -0.736049 0.663130
vn 0.170771 -0.981347 0.088290
vn 0.468170 -0.752039 0.463954
vn 0.046109 -0.409034 0.911354
vn 0.505370 0.276332 0.817461
vn 0.739318 0.435863 0.513256
vn 0.961112 0.163804 0.222331
vn -0.682633 0.537318 -0.495280
vn -0.007939 -0.744307 0.667790
vn -0.691344 0.696421 -0.192462
vn -0.627317 0.506468 -0.591577
vn 0.446159 -0.790214 -0.420125
vn 0.459064 -0.708333 -0.536213
vn 0.586151 -0.400565 -0.704255
vn -0.245132 0.964419 0.099027
vn 0.428471 -0.898408 -0.096311
vn 0.516678 -0.800022 -0.304973
vn 0.642173 0.630530 -0.435943
vn 0.431333 0.788132 -0.439090
vn 0.460525 0.824540 -0.328711
vn 0.596784 0.520088 -0.611030
vn 0.632419 0.675273 -0.379543
vn -0.619705 0.477722 -0.622694
vn -0.119736 -0.091798 0.988553
vn 0.507784 0.721668 -0.470480
vn 0.072049 0.995556 0.060643
vn 0.595704 -0.567437 -0.568464
vn -0.336222 -0.380785 0.861370
vn 0.119001 0.891664 -0.436777
vn 0.393200 0.818885 -0.418116
vn -0.985104 -0.096756 -0.142156
vn -0.282067 0.508003 -0.813862
vn 0.263339 0.886189 0.381212
vn -0.866227 -0.315920 -0.387100
vn -0.166600 0.535535 -0.827918
vn -0.068461 0.635240 -0.769275
vn 0.519858 0.519252 0.678325
vn 0.427882 0.705666 0.564758
vn 0.648058 0.702723 -0.293600
vn 0.668507 -0.695387 0.263694
vn -0.007185 -0.983617 0.180125
vn 0.546543 -0.837022 -0.026178
vn 0.385719 -0.907507 -0.166290
vn 0.647161 -0.760824 -0.048267
vn -0.235236 0.682870 0.691630
vn -0.665857 0.678832 -0.309551
vn -0.951911 0.269628 0.145484
vn 0.437544 -0.876117 0.202420
vn 0.030452 0.273883 -0.961281
vn -0.425108 0.217504 -0.878621
vn 0.847737 0.522861 0.089205
vn -0.902714 -0.073210 -0.423966
vn -0.896911 -0.414021 0.155361
vn -0.772867 -0.616037 0.152232
vn 0.228670 -0.707644 0.668544
vn 0.249562 -0.806406 0.536123
vn 0.075252 -0.996498 -0.036466
vn 0.994576 0.050282 0.091048
vn -0.573740 0.814345 0.087547
vn -0.503438 -0.696770 0.510942
vn 0.299198 -0.555025 -0.776162
vn -0.493628 0.869126 -0.030827
vn -0.280687 0.851679 0.442558
vn -0.135036 0.083356 0.987328
vn -0.601468 -0.530292 -0.597517
vn -0.922586 0.276576 0.268962
vn -0.125412 -0.158419 0.979375
vn -0.281227 0.491016 0.824509
vn -0.858945 0.000653 -0.512067
vn -0.301707 -0.507311 -0.807223
vn -0.485736 -0.549661 -0.679657
vn -0.175283 -0.826833 -0.534438
vn -0.576230 0.760694 0.298836
vn -0.067331 0.171396 0.982899
vn 0.189545 -0.234999 0.953335
vn -0.502890 -0.851778 -0.146890
vn -0.991239 0.043146 -0.124839
vn -0.339421 -0.876973 -0.340164
vn -0.488474 -0.866372 -0.103888
vn -0.511124 -0.745635 -0.427530
vn 0.851128 0.424026 0.309489
vn -0.030377 0.804274 0.593482
vn 0.288001 0.761570 0.580574
vn 0.635793 -0.771388 0.026982
vn -0.564915 -0.417106 0.711965
vn -0.516808 -0.595020 0.615516
vn -0.286312 -0.658593 0.695903
vn -0.257522 0.731772 0.631024
vn 0.120691 0.976908 -0.176307
vn 0.841791 0.311069 0.441163
vn -0.814699 -0.426633 -0.392747
vn -0.891599 -0.416966 -0.176607
vn -0.809379 -0.397518 -0.432303
vn -0.445965 -0.608630 -0.656266
vn -0.685651 0.322357 -0.652663
vn 0.223568 0.905917 0.359629
vn 0.769360 0.502220 0.394791
vn 0.162629 0.961195 -0.222838
vn 0.631064 -0.718868 0.291524
vn 0.844529 -0.525354 0.103798
vn 0.542561 0.786164 0.295929
vn -0.641719 0.062752 -0.764368
vn 0.762693 -0.599074 0.243743
vn -0.266162 0.959888 0.088158
vn -0.375043 0.925499 -0.052858
vn 0.177226 0.291414 0.940037
vn -0.049198 0.673183 0.737838
vn -0.631242 -0.750262 -0.196574
vn 0.236451 -0.198560 -0.951139
vn 0.493012 -0.389448 -0.777991
vn -0.323207 0.783550 0.530647
vn -0.373005 -0.414504 -0.830093
vn -0.609944 -0.167699 0.774497
s 1
g lp:kaya
f 599/1/1 260/2/2 302/3/3
f 285/4/4 96/5/5 202/6/6
f 643/7/7 257/8/8 504/9/9
f 134/10/10 532/11/11 654/12/12
f 490/13/13 188/14/14 540/15/15
f 709/16/16 560/17/17 802/18/18
f 972/19/19 35/20/20 347/21/21
f 894/22/22 792/23/23 423/24/24
f 583/25/25 20/26/26 171/27/27
f 235/28/28 452/29/29 455/30/30
f 212/31/31 68/32/32 713/33/33
f 228/34/34 210/35/35 135/36/36
f 667/37/37 221/38/38 872/39/39
f 600/40/40 132/41/41 582/42/42
f 384/43/43 166/44/44 775/45/45
f 234/1043/46 281/47/47 122/48/48
f 993/49/49 705/1042/50 43/51/51
f 188/14/14 185/52/52 458/53/53
f 154/54/54 12/55/55 214/56/56
f 636/57/57 252/58/58 36/59/59
f 91/60/60 30/61/61 34/62/62
f 2/63/63 376/64/64 774/65/65
f 460/66/66 494/67/67 350/68/68
f 768/1050/69 858/70/70 871/1025/71
f 984/72/72 623/73/73 859/74/74
f 400/75/75 717/76/76 951/77/77
f 217/78/78 901/1004/79 61/80/80
f 372/81/81 152/82/82 285/4/4
f 307/83/83 309/84/84 321/85/85
f 521/86/86 524/87/87 265/88/88
f 779/89/89 761/90/90 776/91/91
f 564/92/92 662/93/93 669/94/94
f 225/95/95 577/96/96 989/97/97
f 197/98/98 180/99/99 449/100/100
f 604/101/101 450/102/102 244/103/103
f 860/104/104 780/105/105 668/106/106
f 66/107/107 53/108/108 526/109/109
f 940/110/110 282/111/111 279/112/112
f 431/113/113 297/114/114 637/115/115
f 393/116/116 124/117/117 646/118/118
f 896/119/119 902/120/120 206/121/121
f 576/122/122 112/123/123 573/124/124
f 6/125/125 568/126/126 469/127/127
f 309/84/84 931/128/128 52/129/129
f 411/130/130 698/131/131 408/132/132
f 396/133/133 376/64/64 2/63/63
f 3/134/134 697/135/135 60/136/136
f 595/137/137 60/136/136 102/138/138
f 27/139/139 258/140/140 663/141/141
f 489/142/142 138/143/143 708/144/144
f 265/88/88 524/87/87 971/145/145
f 987/146/146 148/147/147 190/148/148
f 803/149/149 783/150/150 578/151/151
f 31/152/152 825/153/153 515/154/154
f 290/155/155 901/79/79 217/1032/78
f 497/1028/156 976/1001/157 378/158/158
f 35/20/20 331/159/159 347/21/21
f 11/160/160 337/161/161 799/162/162
f 446/163/163 421/164/164 32/165/165
f 580/166/166 735/167/167 816/168/168
f 592/1019/169 385/170/170 863/171/171
f 868/172/172 1/173/173 823/174/174
f 702/175/175 840/176/176 389/177/177
f 85/1048/178 158/179/179 164/1045/180
f 496/181/181 740/182/182 76/183/183
f 905/184/184 902/120/120 489/142/142
f 133/185/185 90/186/186 475/187/187
f 700/188/188 966/189/189 253/1049/190
f 747/191/191 37/192/192 873/193/193
f 269/194/194 277/195/195 13/196/196
f 38/197/197 191/198/198 255/199/199
f 659/200/200 267/201/201 755/202/202
f 731/203/203 816/168/168 735/167/167
f 314/204/204 351/205/205 400/75/75
f 953/206/206 591/207/207 557/208/208
f 858/70/70 14/209/209 508/210/210
f 971/145/145 524/87/87 41/211/211
f 394/212/212 969/213/213 236/214/214
f 938/215/215 417/216/216 69/217/217
f 906/218/218 517/219/219 387/220/220
f 804/221/221 10/222/222 493/223/223
f 357/224/224 822/225/225 748/226/226
f 909/227/227 906/218/218 231/228/228
f 739/229/229 507/230/230 682/1029/231
f 4/232/232 370/233/233 569/234/234
f 4/232/232 569/234/234 304/235/235
f 165/236/236 456/237/237 711/238/238
f 465/239/239 790/240/240 288/241/241
f 362/242/242 682/1029/231 507/230/230
f 859/74/74 918/243/243 602/244/244
f 127/245/245 878/246/246 875/247/247
f 791/248/248 513/249/249 134/10/10
f 940/110/110 298/250/250 912/251/251
f 165/236/236 714/252/252 477/253/253
f 655/254/254 476/255/255 16/256/256
f 324/257/257 476/255/255 655/254/254
f 783/150/150 781/258/258 786/259/259
f 957/260/260 773/261/261 576/122/122
f 255/199/199 191/198/198 52/129/129
f 766/262/262 319/263/263 983/264/264
f 795/265/265 456/237/237 165/236/236
f 861/266/266 193/267/267 308/268/268
f 33/269/269 54/270/270 751/271/271
f 868/172/172 33/269/269 1/173/173
f 386/272/272 55/273/273 874/274/274
f 278/1037/275 978/276/276 503/277/277
f 628/278/278 305/279/279 929/280/280
f 605/281/281 628/278/278 40/282/282
f 554/1024/283 59/284/284 176/285/285
f 959/286/286 274/287/287 15/288/288
f 550/289/289 652/1046/290 16/1038/256
f 853/291/291 613/292/292 616/293/293
f 846/294/294 663/141/141 258/140/140
f 57/295/295 207/296/296 185/52/52
f 196/297/297 121/298/298 265/88/88
f 26/299/299 514/300/300 727/301/301
f 585/302/302 120/303/303 217/78/78
f 619/304/304 77/305/305 622/306/306
f 163/307/307 878/246/246 127/245/245
f 873/193/193 37/192/192 750/308/308
f 854/309/309 479/310/310 358/311/311
f 49/312/312 438/313/313 225/95/95
f 937/314/314 428/315/315 515/154/154
f 116/316/316 779/89/89 776/91/91
f 732/317/317 820/318/318 729/319/319
f 104/320/320 406/321/321 812/322/322
f 66/107/107 526/109/109 298/250/250
f 711/238/238 714/252/252 165/236/236
f 186/323/323 964/324/324 250/325/325
f 964/324/324 186/323/323 679/326/326
f 124/117/117 393/116/116 273/327/327
f 276/328/328 732/317/317 729/319/319
f 27/139/139 69/217/217 258/140/140
f 796/329/329 547/330/330 99/331/331
f 906/218/218 387/220/220 231/228/228
f 596/332/332 44/333/333 118/334/334
f 293/335/335 432/336/336 680/337/337
f 197/98/98 650/338/338 237/339/339
f 548/340/340 207/296/296 554/1024/283
f 862/341/341 411/130/130 535/342/342
f 516/343/343 614/344/344 76/183/183
f 172/345/345 279/112/112 282/111/111
f 255/199/199 828/346/346 38/197/197
f 71/1052/347 156/1047/348 463/349/349
f 739/229/229 664/350/350 81/351/351
f 13/196/196 277/195/195 603/352/352
f 73/353/353 232/354/354 169/355/355
f 170/356/356 189/357/357 975/358/358
f 622/306/306 77/305/305 419/359/359
f 448/360/360 451/361/361 340/362/362
f 396/133/133 2/63/63 849/363/363
f 643/7/7 504/9/9 925/364/364
f 311/365/365 322/366/366 79/367/367
f 322/366/366 169/355/355 79/367/367
f 80/368/368 454/369/369 212/31/31
f 712/370/370 422/371/371 381/372/372
f 752/373/373 596/332/332 81/351/351
f 81/351/351 70/374/374 362/242/242
f 728/375/375 589/376/376 161/377/377
f 728/375/375 161/377/377 439/378/378
f 414/379/379 504/9/9 257/8/8
f 500/380/380 327/381/381 726/382/382
f 763/383/383 315/384/384 259/385/385
f 259/385/385 315/384/384 74/386/386
f 295/387/387 917/388/388 821/389/389
f 423/24/24 891/390/390 888/391/391
f 703/392/392 86/393/393 223/394/394
f 867/395/395 771/396/396 960/397/397
f 826/398/398 84/399/399 87/400/400
f 463/349/349 338/401/401 71/1052/347
f 852/402/402 330/403/403 925/364/364
f 147/404/404 30/61/61 91/60/60
f 355/405/405 845/406/406 887/407/407
f 859/74/74 5/408/408 918/243/243
f 21/409/409 49/312/312 283/410/410
f 49/312/312 225/95/95 989/97/97
f 88/411/411 330/403/403 91/60/60
f 88/411/411 91/60/60 34/62/62
f 92/412/412 339/413/413 531/414/414
f 189/357/357 818/415/415 975/358/358
f 365/416/416 139/417/417 93/418/418
f 790/240/240 202/6/6 96/5/5
f 304/235/235 450/102/102 4/232/232
f 123/419/419 17/420/420 965/421/421
f 645/422/422 486/423/423 923/424/424
f 927/425/425 573/124/124 942/426/426
f 93/418/418 528/427/427 365/416/416
f 888/391/391 82/428/428 525/429/429
f 97/430/430 939/431/431 547/330/330
f 688/432/432 413/433/433 939/431/431
f 478/434/434 965/421/421 17/420/420
f 60/136/136 588/435/435 349/436/436
f 95/437/437 243/438/438 793/439/439
f 927/425/425 95/437/437 573/124/124
f 922/440/440 436/441/441 554/283/283
f 363/442/442 37/192/192 747/191/191
f 103/443/443 760/444/444 101/1017/445
f 144/446/446 51/447/447 536/448/448
f 697/135/135 3/134/134 397/449/449
f 56/450/450 633/451/451 305/279/279
f 544/452/452 760/444/444 103/443/443
f 188/14/14 458/53/53 268/453/453
f 584/454/454 104/320/320 429/455/455
f 710/456/456 124/117/117 273/327/327
f 536/448/448 773/261/261 261/457/457
f 656/458/458 344/459/459 933/460/460
f 768/1050/69 863/171/171 858/70/70
f 557/208/208 108/461/461 555/462/462
f 94/463/463 470/464/464 965/421/421
f 811/465/465 263/466/466 111/467/467
f 555/462/462 108/461/461 14/209/209
f 480/468/468 482/469/469 993/1026/49
f 51/447/447 109/470/470 536/448/448
f 669/94/94 175/471/471 634/472/472
f 307/83/83 321/85/85 110/473/473
f 326/474/474 480/468/468 108/461/461
f 470/464/464 94/463/463 111/467/467
f 657/475/475 114/476/476 98/477/477
f 536/448/448 109/470/470 773/261/261
f 666/478/478 844/479/479 433/480/480
f 113/481/481 819/482/482 448/360/360
f 340/362/362 113/481/481 448/360/360
f 646/118/118 373/483/483 178/484/484
f 219/485/485 730/486/486 107/487/487
f 862/341/341 72/1023/488 411/130/130
f 72/1023/488 698/131/131 411/130/130
f 29/489/489 578/151/151 300/490/490
f 511/491/491 473/492/492 306/493/493
f 48/494/494 977/495/495 173/496/496
f 114/476/476 588/435/435 977/495/495
f 47/497/497 600/40/40 582/42/42
f 70/374/374 600/40/40 47/497/497
f 251/498/498 942/426/426 815/499/499
f 740/182/182 211/500/500 76/183/183
f 318/1033/501 120/303/303 574/502/502
f 419/359/359 574/502/502 622/306/306
f 196/297/297 26/299/299 121/298/298
f 373/483/483 26/299/299 178/484/484
f 234/1043/46 122/48/48 177/503/503
f 996/504/504 538/505/505 428/315/315
f 123/419/419 965/421/421 798/506/506
f 506/507/507 1000/508/508 654/12/12
f 521/86/86 124/117/117 710/456/456
f 26/299/299 921/509/509 121/298/298
f 123/419/419 798/506/506 125/510/510
f 875/247/247 356/511/511 509/512/512
f 167/513/513 126/514/514 177/503/503
f 182/515/515 814/516/516 467/517/517
f 660/518/518 658/519/519 583/25/25
f 583/25/25 7/520/520 579/521/521
f 128/522/522 412/523/523 491/524/524
f 716/525/525 570/526/526 471/527/527
f 895/528/528 129/529/529 46/530/530
f 271/531/531 197/98/98 225/95/95
f 41/211/211 981/532/532 971/145/145
f 410/533/533 581/534/534 833/535/535
f 371/536/536 247/537/537 794/538/538
f 171/27/27 523/539/539 460/66/66
f 797/540/540 132/41/41 284/541/541
f 600/40/40 918/243/243 132/41/41
f 790/240/240 465/239/239 202/6/6
f 394/212/212 36/59/59 332/542/542
f 738/543/543 431/113/113 628/278/278
f 605/281/281 738/543/543 628/278/278
f 253/190/190 135/36/36 601/544/544
f 943/545/545 624/546/546 475/187/187
f 625/547/547 585/302/302 619/304/304
f 582/42/42 132/41/41 580/166/166
f 884/548/548 587/549/549 674/550/550
f 288/241/241 607/551/551 133/185/185
f 415/552/552 140/553/553 146/554/554
f 240/555/555 387/220/220 517/219/219
f 607/551/551 286/556/556 137/557/557
f 21/409/409 283/410/410 286/556/556
f 704/558/558 413/433/433 688/432/432
f 793/439/439 243/438/438 97/430/430
f 537/559/559 592/169/169 863/1051/171
f 149/560/560 592/169/169 537/559/559
f 142/561/561 78/562/562 4/232/232
f 668/106/106 780/105/105 604/101/101
f 621/563/563 623/73/73 453/564/564
f 847/565/565 89/566/566 435/567/567
f 150/568/568 440/569/569 144/446/446
f 958/570/570 157/571/571 464/572/572
f 86/393/393 703/392/392 145/573/573
f 390/1027/574 86/393/393 145/573/573
f 138/143/143 146/554/554 140/553/553
f 453/564/564 623/73/73 986/575/575
f 272/576/576 771/396/396 867/395/395
f 726/382/382 327/381/381 272/576/576
f 148/147/147 840/176/176 9/577/577
f 661/1035/578 249/1015/579 199/580/580
f 153/581/581 744/582/582 440/569/569
f 440/569/569 744/582/582 594/1018/583
f 153/581/581 440/569/569 150/568/568
f 344/459/459 656/458/458 346/584/584
f 154/54/54 151/585/585 12/55/55
f 471/527/527 151/585/585 716/525/525
f 155/586/586 661/1035/578 199/580/580
f 316/1034/587 158/179/179 85/1048/178
f 656/458/458 153/581/581 346/584/584
f 103/443/443 629/588/588 153/581/581
f 833/535/535 581/534/534 485/589/589
f 570/526/526 716/525/525 581/534/534
f 158/179/179 316/1034/587 155/586/586
f 632/590/590 635/591/591 427/592/592
f 156/1047/348 6/125/125 469/127/127
f 156/1047/348 469/127/127 463/349/349
f 958/570/570 537/559/559 157/571/571
f 761/90/90 805/593/593 670/594/594
f 427/592/592 158/179/179 632/590/590
f 324/257/257 702/175/175 476/255/255
f 159/595/595 352/596/596 407/597/597
f 352/596/596 159/595/595 469/127/127
f 670/594/594 776/91/91 761/90/90
f 426/598/598 511/491/491 303/599/599
f 891/390/390 161/377/377 589/376/376
f 423/24/24 161/377/377 891/390/390
f 3/134/134 309/84/84 397/449/449
f 676/600/600 956/601/601 305/279/279
f 183/602/602 379/603/603 831/604/604
f 990/605/605 67/606/606 379/603/603
f 421/164/164 164/180/180 652/1046/290
f 164/1045/180 749/607/607 652/290/290
f 442/608/608 997/609/609 615/610/610
f 439/378/378 442/608/608 728/375/375
f 357/224/224 166/44/44 384/43/43
f 678/611/611 361/612/612 279/112/112
f 177/503/503 122/48/48 167/513/513
f 467/517/517 897/613/613 182/515/515
f 115/614/614 671/615/615 168/616/616
f 658/519/519 671/615/615 583/25/25
f 79/367/367 169/355/355 914/617/617
f 220/618/618 910/619/619 169/355/355
f 170/356/356 975/358/358 19/620/620
f 166/44/44 172/345/345 775/45/45
f 751/271/271 660/518/518 33/269/269
f 487/621/621 460/66/66 350/68/68
f 466/622/622 170/356/356 772/623/623
f 466/622/622 169/355/355 910/619/619
f 1000/508/508 173/496/496 117/624/624
f 117/624/624 173/496/496 102/138/138
f 160/625/625 64/626/626 991/627/627
f 64/626/626 647/628/628 991/627/627
f 915/629/629 175/471/471 459/630/630
f 669/94/94 459/630/630 175/471/471
f 922/440/440 554/283/283 176/1010/285
f 785/1009/631 850/632/632 916/633/633
f 234/1043/46 177/503/503 43/51/51
f 43/51/51 996/504/504 428/315/315
f 349/436/436 588/435/435 114/476/476
f 107/487/487 349/436/436 510/634/634
f 363/442/442 179/1040/635 866/636/636
f 916/1039/633 651/637/637 785/631/631
f 180/99/99 10/222/222 804/221/221
f 10/222/222 182/515/515 493/223/223
f 55/273/273 386/272/272 627/638/638
f 405/639/639 522/640/640 402/641/641
f 357/224/224 534/642/642 182/515/515
f 357/224/224 182/515/515 10/222/222
f 183/602/602 831/604/604 992/643/643
f 990/605/605 609/644/644 928/645/645
f 476/255/255 702/175/175 474/646/646
f 474/646/646 405/639/639 181/647/647
f 226/648/648 72/1023/488 862/341/341
f 18/1030/649 226/648/648 230/650/650
f 250/325/325 608/651/651 186/323/323
f 608/651/651 363/442/442 866/636/636
f 64/626/626 187/652/652 647/628/628
f 64/626/626 262/653/653 187/652/652
f 188/14/14 57/295/295 185/52/52
f 27/139/139 663/141/141 188/14/14
f 232/354/354 220/618/618 169/355/355
f 211/500/500 695/654/654 232/354/354
f 192/655/655 416/656/656 718/657/657
f 403/658/658 409/659/659 128/522/522
f 191/198/198 38/197/197 998/660/660
f 319/263/263 335/661/661 900/662/662
f 913/663/663 882/664/664 812/322/322
f 529/665/665 527/666/666 882/664/664
f 539/667/667 308/268/268 193/267/267
f 792/23/23 541/668/668 586/669/669
f 279/112/112 361/612/612 194/670/670
f 194/670/670 895/528/528 46/530/530
f 454/369/369 195/671/671 8/672/672
f 454/369/369 80/368/368 195/671/671
f 349/436/436 270/673/673 60/136/136
f 382/674/674 763/383/383 259/385/385
f 271/531/531 63/675/675 197/98/98
f 63/675/675 681/676/676 197/98/98
f 962/677/677 370/233/233 198/678/678
f 396/133/133 849/363/363 759/679/679
f 128/522/522 491/524/524 252/58/58
f 424/680/680 632/590/590 973/681/681
f 903/682/682 961/683/683 517/219/219
f 903/682/682 302/3/3 260/2/2
f 201/684/684 493/223/223 441/685/685
f 680/337/337 437/686/686 293/335/335
f 202/6/6 372/81/81 285/4/4
f 575/687/687 624/546/546 249/579/579
f 720/688/688 143/689/689 723/690/690
f 899/691/691 847/565/565 435/567/567
f 325/692/692 758/693/693 256/694/694
f 547/330/330 939/431/431 758/693/693
f 886/695/695 131/696/696 784/697/697
f 215/698/698 889/699/699 552/700/700
f 638/701/701 486/423/423 642/702/702
f 499/703/703 143/689/689 484/704/704
f 207/296/296 59/284/284 554/1024/283
f 207/296/296 890/705/705 893/706/706
f 96/5/5 707/707/707 208/708/708
f 819/482/482 291/709/709 821/389/389
f 209/710/710 820/318/318 254/711/711
f 840/176/176 148/147/147 837/712/712
f 495/713/713 485/589/589 214/56/56
f 336/714/714 495/713/713 214/56/56
f 695/654/654 742/715/715 808/716/716
f 310/717/717 815/499/499 942/426/426
f 383/718/718 212/31/31 45/719/719
f 263/466/466 444/720/720 45/719/719
f 213/721/721 215/698/698 552/700/700
f 810/722/722 863/171/171 385/170/170
f 214/56/56 253/1049/190 601/1031/544
f 542/723/723 829/724/724 210/35/35
f 886/695/695 889/699/699 215/698/698
f 218/725/725 131/696/696 886/695/695
f 263/466/466 216/726/726 111/467/467
f 646/118/118 648/727/727 393/116/116
f 290/155/155 217/1032/78 503/277/277
f 503/277/277 318/501/501 278/1037/275
f 886/695/695 215/698/698 810/722/722
f 213/721/721 810/722/722 215/698/698
f 111/467/467 219/485/485 107/487/487
f 111/467/467 216/726/726 219/485/485
f 910/619/619 220/618/618 649/728/728
f 695/654/654 808/716/716 972/19/19
f 522/640/640 518/729/729 639/730/730
f 518/729/729 934/731/731 88/411/411
f 587/549/549 228/34/34 135/36/36
f 674/550/550 587/549/549 135/36/36
f 682/1029/231 362/242/242 223/1013/394
f 593/732/732 696/1053/733 685/734/734
f 144/446/446 440/569/569 224/735/735
f 457/736/736 144/446/446 461/737/737
f 813/738/738 683/739/739 237/339/339
f 237/339/339 683/739/739 222/740/740
f 548/1044/340 72/1023/488 226/648/648
f 548/1044/340 226/648/648 18/1030/649
f 982/741/741 229/742/742 985/743/743
f 948/744/744 556/745/745 320/746/746
f 228/34/34 542/723/723 210/35/35
f 587/549/549 683/739/739 228/34/34
f 227/747/747 76/183/183 229/742/742
f 229/742/742 232/354/354 985/743/743
f 230/650/650 865/748/748 54/270/270
f 230/650/650 868/172/172 823/174/174
f 70/374/374 81/351/351 596/332/332
f 596/332/332 600/40/40 70/374/374
f 211/500/500 232/354/354 76/183/183
f 229/742/742 76/183/183 232/354/354
f 988/749/749 459/630/630 233/750/750
f 233/750/750 112/123/123 109/470/470
f 705/1042/50 234/1043/46 43/51/51
f 754/751/751 319/263/263 900/662/662
f 235/28/28 455/30/30 706/752/752
f 7/520/520 235/28/28 238/753/753
f 824/754/754 827/755/755 151/585/585
f 151/585/585 700/188/188 12/55/55
f 225/95/95 197/98/98 836/756/756
f 577/96/96 225/95/95 836/756/756
f 579/521/521 7/520/520 238/753/753
f 235/28/28 706/752/752 238/753/753
f 163/307/307 238/753/753 665/757/757
f 665/757/757 668/106/106 163/307/307
f 146/554/554 611/758/758 612/759/759
f 611/758/758 146/554/554 138/143/143
f 541/668/668 792/23/23 894/22/22
f 797/540/540 731/203/203 132/41/41
f 115/614/614 743/760/760 671/615/615
f 235/28/28 7/520/520 606/761/761
f 243/438/438 489/142/142 704/558/558
f 243/438/438 704/558/558 97/430/430
f 244/103/103 17/420/420 353/762/762
f 880/763/763 908/764/764 509/512/512
f 877/765/765 870/766/766 436/441/441
f 408/132/132 743/760/760 115/614/614
f 430/767/767 246/768/768 112/123/123
f 246/768/768 573/124/124 112/123/123
f 509/512/512 869/769/769 359/770/770
f 20/26/26 520/771/771 171/27/27
f 296/772/772 928/645/645 248/773/773
f 248/773/773 928/645/645 245/774/774
f 332/542/542 505/775/775 249/1015/579
f 199/580/580 249/1015/579 505/775/775
f 750/308/308 67/606/606 990/605/605
f 873/193/193 750/308/308 296/772/772
f 251/498/498 927/425/425 942/426/426
f 119/776/776 832/777/777 617/778/778
f 970/779/779 199/580/580 505/775/775
f 970/779/779 155/586/586 199/580/580
f 12/55/55 700/188/188 253/1049/190
f 12/55/55 253/1049/190 214/56/56
f 254/711/711 820/318/318 65/780/780
f 65/780/780 221/38/38 667/37/37
f 391/781/781 255/199/199 52/129/129
f 391/781/781 382/674/674 259/385/385
f 105/782/782 204/783/783 256/694/694
f 540/15/15 188/14/14 105/782/782
f 65/780/780 820/318/318 257/8/8
f 381/372/372 422/371/371 257/8/8
f 15/288/288 274/287/287 769/784/784
f 260/2/2 599/1/1 15/288/288
f 259/385/385 255/199/199 391/781/781
f 259/385/385 830/785/785 255/199/199
f 769/784/784 417/216/216 15/288/288
f 69/217/217 417/216/216 769/784/784
f 264/786/786 204/783/783 105/782/782
f 268/453/453 105/782/782 188/14/14
f 508/210/210 14/209/209 885/787/787
f 14/209/209 108/461/461 480/468/468
f 212/31/31 713/33/33 263/466/466
f 212/31/31 263/466/466 45/719/719
f 957/260/260 261/457/457 773/261/261
f 261/457/457 947/788/788 536/448/448
f 512/789/789 659/200/200 84/399/399
f 84/399/399 659/200/200 755/202/202
f 145/573/573 778/790/790 266/791/791
f 145/573/573 266/791/791 390/1027/574
f 995/792/792 130/793/793 267/201/201
f 267/201/201 130/793/793 28/794/794
f 264/786/786 551/795/795 261/457/457
f 264/786/786 105/782/782 551/795/795
f 864/1041/796 277/195/195 269/194/194
f 679/326/326 186/323/323 269/1002/194
f 514/300/300 270/673/673 727/301/301
f 512/789/789 806/797/797 659/200/200
f 129/529/529 271/531/531 358/311/311
f 895/528/528 271/531/531 129/529/529
f 327/381/381 2/63/63 272/576/576
f 2/63/63 774/65/65 272/576/576
f 572/798/798 393/116/116 565/799/799
f 732/317/317 276/328/328 8/672/672
f 850/632/632 274/287/287 280/800/800
f 846/294/294 787/801/801 890/705/705
f 117/624/624 102/138/138 275/802/802
f 736/803/803 654/12/12 431/113/113
f 572/798/798 565/799/799 276/328/328
f 527/666/666 529/665/665 572/798/798
f 179/635/635 277/195/195 864/1041/796
f 179/1040/635 363/442/442 916/1039/633
f 16/256/256 476/255/255 278/1037/275
f 58/804/804 16/1038/256 348/805/805
f 678/611/611 279/112/112 166/44/44
f 166/44/44 279/112/112 172/345/345
f 959/286/286 280/800/800 274/287/287
f 280/800/800 959/286/286 179/635/635
f 281/1036/47 388/806/806 563/807/807
f 560/17/17 709/16/16 563/1021/807
f 282/111/111 940/110/110 912/251/251
f 79/367/367 914/617/617 694/808/808
f 286/556/556 283/410/410 137/557/557
f 989/97/97 577/96/96 881/809/809
f 355/405/405 559/810/810 845/406/406
f 89/566/566 559/810/810 435/567/567
f 289/811/811 285/4/4 152/82/82
f 291/709/709 819/482/482 707/707/707
f 139/417/417 286/556/556 607/551/551
f 365/416/416 553/812/812 139/417/417
f 287/813/813 418/814/814 364/815/815
f 294/816/816 968/817/817 287/813/813
f 288/241/241 139/417/417 607/551/551
f 790/240/240 139/417/417 288/241/241
f 289/811/811 316/587/587 789/818/818
f 291/709/709 707/707/707 856/819/819
f 898/820/820 290/155/155 691/821/821
f 34/62/62 30/61/61 462/822/822
f 291/709/709 295/387/387 821/389/389
f 856/819/819 295/387/387 291/709/709
f 447/823/823 292/824/824 675/825/825
f 364/815/815 294/816/816 287/813/813
f 6/1022/125 156/348/348 293/335/335
f 293/335/335 156/348/348 432/336/336
f 294/816/816 675/825/825 292/824/824
f 968/817/817 294/816/816 292/824/824
f 295/387/387 920/826/826 917/388/388
f 295/387/387 856/819/819 920/826/826
f 990/605/605 928/645/645 296/772/772
f 296/772/772 750/308/308 990/605/605
f 275/802/802 102/138/138 297/114/114
f 631/827/827 697/135/135 397/449/449
f 940/110/110 46/530/530 298/250/250
f 298/250/250 714/252/252 711/238/238
f 486/423/423 299/828/828 923/424/424
f 243/438/438 923/424/424 489/142/142
f 994/829/829 29/489/489 300/490/490
f 328/830/830 511/491/491 426/598/598
f 450/102/102 301/831/831 478/434/434
f 811/465/465 640/832/832 263/466/466
f 75/833/833 13/196/196 603/352/352
f 603/352/352 200/834/834 366/835/835
f 160/625/625 991/627/627 303/599/599
f 511/491/491 306/493/493 303/599/599
f 304/235/235 301/831/831 450/102/102
f 444/720/720 263/466/466 640/832/832
f 633/451/451 162/836/836 305/279/279
f 162/836/836 673/837/837 305/279/279
f 306/493/493 776/91/91 303/599/599
f 306/493/493 473/492/492 776/91/91
f 953/206/206 468/838/838 591/207/207
f 468/838/838 110/473/473 591/207/207
f 308/268/268 241/839/839 887/407/407
f 883/840/840 400/75/75 351/205/205
f 22/841/841 397/449/449 309/84/84
f 22/841/841 309/84/84 956/601/601
f 942/426/426 844/479/479 310/717/717
f 310/717/717 35/20/20 972/19/19
f 317/842/842 322/366/366 311/365/365
f 311/365/365 526/109/109 53/108/108
f 953/206/206 312/843/843 468/838/838
f 956/601/601 309/84/84 307/83/83
f 67/606/606 250/325/325 313/844/844
f 778/790/790 964/324/324 266/791/791
f 314/204/204 556/745/745 948/744/744
f 944/845/845 715/846/846 314/204/204
f 84/399/399 315/384/384 763/383/383
f 315/384/384 84/399/399 826/398/398
f 316/1034/587 661/1035/578 155/586/586
f 289/811/811 152/82/82 316/587/587
f 317/842/842 311/365/365 53/108/108
f 944/845/845 314/204/204 948/744/744
f 318/501/501 503/277/277 217/1032/78
f 120/303/303 318/1033/501 217/78/78
f 319/263/263 388/806/806 335/661/661
f 766/262/262 762/847/847 319/263/263
f 320/746/746 982/741/741 73/353/353
f 317/842/842 320/746/746 322/366/366
f 321/85/85 309/84/84 764/848/848
f 764/848/848 762/847/847 766/262/262
f 73/353/353 169/355/355 322/366/366
f 73/353/353 322/366/366 320/746/746
f 110/473/473 321/85/85 323/849/849
f 754/751/751 983/264/264 319/263/263
f 164/1045/180 158/179/179 749/607/607
f 158/179/179 427/592/592 999/850/850
f 954/851/851 325/692/692 204/783/783
f 204/783/783 325/692/692 256/694/694
f 108/461/461 110/473/473 329/852/852
f 110/473/473 983/264/264 754/751/751
f 287/813/813 399/853/853 418/814/814
f 418/814/814 399/853/853 83/854/854
f 328/830/830 994/829/829 300/490/490
f 333/855/855 11/160/160 328/830/830
f 108/461/461 329/852/852 326/474/474
f 705/50/50 911/856/856 900/662/662
f 852/402/402 147/404/404 330/403/403
f 330/403/403 147/404/404 91/60/60
f 331/159/159 561/857/857 347/21/21
f 634/472/472 783/150/150 803/149/149
f 575/687/687 465/239/239 624/546/546
f 624/546/546 133/185/185 475/187/187
f 31/152/152 841/858/858 825/153/153
f 531/414/414 339/413/413 31/152/152
f 334/859/859 336/714/714 214/56/56
f 601/1031/544 334/859/859 214/56/56
f 900/662/662 335/661/661 281/1036/47
f 281/1036/47 335/661/661 388/806/806
f 336/714/714 463/349/349 835/860/860
f 463/349/349 336/714/714 338/401/401
f 337/161/161 11/160/160 838/861/861
f 343/862/862 561/857/857 952/863/863
f 336/714/714 334/859/859 338/401/401
f 829/1007/724 334/859/859 601/1031/544
f 339/413/413 737/864/864 31/152/152
f 946/865/865 343/862/862 949/866/866
f 340/362/362 451/361/361 613/292/292
f 375/867/867 340/362/362 613/292/292
f 48/494/494 341/868/868 974/869/869
f 965/421/421 470/464/464 979/870/870
f 757/871/871 342/872/872 644/873/873
f 993/49/49 644/873/873 342/872/872
f 189/357/357 347/21/21 374/874/874
f 374/874/874 347/21/21 946/865/865
f 105/782/782 268/453/453 344/459/459
f 268/453/453 933/460/460 344/459/459
f 345/875/875 167/513/513 122/48/48
f 122/48/48 709/16/16 800/876/876
f 346/584/584 153/581/581 150/568/568
f 947/788/788 346/584/584 150/568/568
f 347/21/21 561/857/857 343/862/862
f 347/21/21 343/862/862 946/865/865
f 16/1038/256 278/275/275 348/805/805
f 574/502/502 278/275/275 318/1033/501
f 107/487/487 730/486/486 349/436/436
f 178/484/484 26/299/299 727/301/301
f 488/877/877 350/68/68 33/269/269
f 33/269/269 385/170/170 1/173/173
f 351/205/205 308/268/268 887/407/407
f 715/846/846 351/205/205 314/204/204
f 352/596/596 826/398/398 407/597/597
f 259/385/385 74/386/386 830/785/785
f 353/762/762 17/420/420 123/419/419
f 908/764/764 123/419/419 125/510/510
f 145/573/573 354/878/878 960/397/397
f 462/822/822 960/397/397 354/878/878
f 887/407/407 241/839/839 355/405/405
f 894/22/22 797/540/540 241/839/839
f 880/763/763 980/879/879 908/764/764
f 163/307/307 904/880/880 880/763/763
f 678/611/611 684/881/881 361/612/612
f 678/611/611 10/222/222 180/99/99
f 358/311/311 438/313/313 49/312/312
f 854/309/309 358/311/311 49/312/312
f 20/26/26 359/770/770 869/769/769
f 20/26/26 127/245/245 875/247/247
f 360/882/882 230/650/650 823/174/174
f 18/1030/649 230/650/650 360/882/882
f 684/881/881 63/675/675 361/612/612
f 271/531/531 895/528/528 63/675/675
f 685/734/734 47/497/497 593/732/732
f 685/734/734 70/374/374 47/497/497
f 363/442/442 747/191/191 651/637/637
f 363/442/442 651/637/637 916/1039/633
f 364/815/815 418/814/814 753/883/883
f 777/884/884 675/825/825 78/562/562
f 891/390/390 589/376/376 365/416/416
f 528/427/427 82/428/428 365/416/416
f 909/227/227 231/228/228 752/373/373
f 75/833/833 603/352/352 909/227/227
f 367/885/885 78/562/562 950/886/886
f 963/887/887 367/885/885 198/678/678
f 368/888/888 19/620/620 384/43/43
f 775/45/45 914/617/617 772/623/623
f 122/48/48 369/889/889 345/875/875
f 441/685/685 443/890/890 802/18/18
f 4/232/232 78/562/562 370/233/233
f 78/562/562 367/885/885 963/887/887
f 371/536/536 513/249/249 791/248/248
f 460/66/66 131/696/696 218/725/725
f 661/578/578 372/81/81 249/579/579
f 372/81/81 575/687/687 249/579/579
f 646/118/118 124/117/117 373/483/483
f 921/509/509 124/117/117 521/86/86
f 374/874/874 737/864/864 339/413/413
f 377/891/891 818/415/415 339/413/413
f 851/892/892 876/893/893 879/894/894
f 113/481/481 423/24/24 888/391/391
f 62/895/895 67/606/606 376/64/64
f 67/606/606 313/844/844 778/790/790
f 377/891/891 339/413/413 380/896/896
f 384/43/43 19/620/620 975/358/358
f 378/158/158 976/1001/157 834/897/897
f 378/158/158 834/897/897 75/833/833
f 831/604/604 379/603/603 756/898/898
f 67/606/606 62/895/895 379/603/603
f 380/896/896 339/413/413 92/412/412
f 384/43/43 377/891/891 380/896/896
f 381/372/372 257/8/8 383/718/718
f 383/718/718 712/370/370 381/372/372
f 693/899/899 734/900/900 60/136/136
f 60/136/136 270/673/673 690/901/901
f 80/368/368 212/31/31 383/718/718
f 257/8/8 820/318/318 383/718/718
f 384/43/43 380/896/896 822/225/225
f 822/225/225 357/224/224 384/43/43
f 350/68/68 385/170/170 33/269/269
f 350/68/68 810/722/722 385/170/170
f 874/274/274 686/902/902 386/272/272
f 503/277/277 686/902/902 290/155/155
f 387/220/220 44/333/333 231/228/228
f 984/72/72 859/74/74 387/220/220
f 319/263/263 762/847/847 817/903/903
f 762/847/847 724/904/904 817/903/903
f 389/177/177 840/176/176 395/905/905
f 474/646/646 392/906/906 405/639/639
f 390/574/574 739/229/229 682/1029/231
f 390/574/574 497/1028/156 378/158/158
f 391/781/781 734/900/900 693/899/899
f 309/84/84 734/900/900 931/128/128
f 405/639/639 392/906/906 522/640/640
f 389/177/177 395/905/905 392/906/906
f 68/32/32 393/116/116 648/727/727
f 565/799/799 393/116/116 454/369/369
f 636/57/57 36/59/59 394/212/212
f 394/212/212 827/755/755 824/754/754
f 395/905/905 184/907/907 392/906/906
f 221/38/38 184/907/907 872/39/39
f 968/817/817 396/133/133 759/679/679
f 62/895/895 376/64/64 396/133/133
f 162/836/836 397/449/449 22/841/841
f 397/449/449 162/836/836 633/451/451
f 398/908/908 254/711/711 65/780/780
f 401/909/909 398/908/908 395/905/905
f 849/363/363 327/381/381 701/910/910
f 327/381/381 849/363/363 2/63/63
f 314/204/204 400/75/75 556/745/745
f 516/343/343 692/911/911 556/745/745
f 843/912/912 254/711/711 398/908/908
f 837/712/712 254/711/711 843/912/912
f 402/641/641 522/640/640 639/730/730
f 88/411/411 34/62/62 545/913/913
f 718/657/657 416/656/656 403/658/658
f 718/657/657 403/658/658 936/914/914
f 404/915/915 347/21/21 189/357/357
f 649/728/728 189/357/357 170/356/356
f 405/639/639 857/916/916 55/273/273
f 405/639/639 55/273/273 627/638/638
f 837/712/712 148/147/147 987/146/146
f 584/454/454 429/455/455 519/917/917
f 826/398/398 87/400/400 407/597/597
f 407/597/597 87/400/400 410/533/533
f 245/774/774 743/760/760 408/132/132
f 870/766/766 408/132/132 641/918/918
f 403/658/658 416/656/656 409/659/659
f 409/659/659 412/523/523 128/522/522
f 755/202/202 267/201/201 410/533/533
f 267/201/201 581/534/534 410/533/533
f 411/130/130 408/132/132 115/614/614
f 411/130/130 115/614/614 535/342/342
f 190/148/148 491/524/524 412/523/523
f 812/322/322 406/321/321 190/148/148
f 939/431/431 415/552/552 938/215/215
f 415/552/552 146/554/554 612/759/759
f 257/8/8 422/371/371 414/379/379
f 418/814/814 83/854/854 414/379/379
f 413/433/433 415/552/552 939/431/431
f 140/553/553 415/552/552 413/433/433
f 409/659/659 812/322/322 412/523/523
f 812/322/322 190/148/148 412/523/523
f 417/216/216 260/2/2 15/288/288
f 260/2/2 961/683/683 903/682/682
f 414/379/379 422/371/371 418/814/814
f 418/814/814 719/919/919 753/883/883
f 574/502/502 419/359/359 855/920/920
f 550/289/289 16/1038/256 58/804/804
f 420/921/921 115/614/614 168/616/616
f 865/748/748 751/271/271 54/270/270
f 58/804/804 419/359/359 550/289/289
f 419/359/359 32/165/165 550/289/289
f 422/371/371 653/922/922 722/923/923
f 418/814/814 422/371/371 719/919/919
f 672/924/924 423/24/24 876/893/893
f 39/925/925 423/24/24 672/924/924
f 148/147/147 427/592/592 635/591/591
f 491/524/524 190/148/148 745/926/926
f 650/338/338 197/98/98 449/100/100
f 650/338/338 445/927/927 437/686/686
f 426/598/598 303/599/599 174/928/928
f 647/628/628 757/871/871 174/928/928
f 427/592/592 148/147/147 9/577/577
f 427/592/592 9/577/577 999/850/850
f 426/598/598 757/871/871 937/314/314
f 174/928/928 757/871/871 426/598/598
f 429/455/455 276/328/328 729/319/319
f 276/328/328 429/455/455 104/320/320
f 459/630/630 430/767/767 233/750/750
f 430/767/767 112/123/123 233/750/750
f 654/12/12 275/802/802 431/113/113
f 431/113/113 275/802/802 297/114/114
f 156/348/348 71/347/347 432/336/336
f 683/739/739 71/347/347 228/34/34
f 430/767/767 433/480/480 246/768/768
f 573/124/124 246/768/768 942/426/426
f 817/903/903 721/929/929 434/930/930
f 469/127/127 568/126/126 24/931/931
f 435/567/567 559/810/810 967/932/932
f 899/691/691 435/567/567 967/932/932
f 25/933/933 877/765/765 436/441/441
f 25/933/933 436/441/441 100/934/934
f 560/17/17 437/686/686 802/18/18
f 437/686/686 620/935/935 293/335/335
f 438/313/313 358/311/311 271/531/531
f 438/313/313 271/531/531 225/95/95
f 795/265/265 586/669/669 861/266/266
f 792/23/23 586/669/669 795/265/265
f 224/735/735 440/569/569 958/570/570
f 594/1018/583 149/560/560 440/569/569
f 802/18/18 437/686/686 441/685/685
f 201/684/684 441/685/685 437/686/686
f 165/236/236 442/608/608 795/265/265
f 442/608/608 165/236/236 997/609/609
f 443/890/890 345/875/875 369/889/889
f 182/515/515 897/613/613 493/223/223
f 640/832/832 801/936/936 444/720/720
f 444/720/720 801/936/936 569/234/234
f 445/927/927 201/684/684 437/686/686
f 804/221/221 493/223/223 201/684/684
f 164/180/180 421/164/164 446/163/163
f 85/178/178 164/180/180 446/163/163
f 447/823/823 780/105/105 239/937/937
f 675/825/825 780/105/105 447/823/823
f 448/360/360 955/938/938 451/361/361
f 955/938/938 821/389/389 917/388/388
f 650/338/338 449/100/100 445/927/927
f 445/927/927 449/100/100 180/99/99
f 450/102/102 478/434/434 17/420/420
f 244/103/103 450/102/102 17/420/420
f 32/165/165 419/359/359 451/361/361
f 77/305/305 451/361/361 419/359/359
f 455/30/30 452/29/29 292/824/824
f 452/29/29 968/817/817 292/824/824
f 138/143/143 453/564/564 611/758/758
f 138/143/143 896/119/119 453/564/564
f 68/32/32 212/31/31 454/369/369
f 393/116/116 68/32/32 454/369/369
f 455/30/30 447/823/823 239/937/937
f 447/823/823 455/30/30 292/824/824
f 66/107/107 456/237/237 53/108/108
f 861/266/266 715/846/846 944/845/845
f 51/447/447 144/446/446 457/736/736
f 459/630/630 988/749/749 51/447/447
f 458/53/53 185/52/52 930/939/939
f 933/460/460 930/939/939 483/940/940
f 919/941/941 915/629/629 459/630/630
f 459/630/630 51/447/447 919/941/941
f 131/696/696 460/66/66 371/536/536
f 460/66/66 523/539/539 371/536/536
f 144/446/446 224/735/735 461/737/737
f 457/736/736 461/737/737 464/572/572
f 686/902/902 462/822/822 290/155/155
f 462/822/822 354/878/878 290/155/155
f 159/595/595 463/349/349 469/127/127
f 463/349/349 159/595/595 407/597/597
f 461/737/737 224/735/735 464/572/572
f 464/572/572 224/735/735 958/570/570
f 465/239/239 133/185/185 624/546/546
f 133/185/185 465/239/239 288/241/241
f 914/617/617 770/942/942 767/943/943
f 914/617/617 775/45/45 770/942/942
f 467/517/517 941/944/944 897/613/613
f 941/944/944 467/517/517 126/514/514
f 468/838/838 307/83/83 110/473/473
f 312/843/843 307/83/83 468/838/838
f 24/931/931 38/197/197 469/127/127
f 38/197/197 352/596/596 469/127/127
f 107/487/487 510/634/634 657/475/475
f 107/487/487 657/475/475 111/467/467
f 570/526/526 498/945/945 471/527/527
f 824/754/754 151/585/585 471/527/527
f 472/946/946 778/790/790 145/573/573
f 771/396/396 145/573/573 960/397/397
f 473/492/492 116/316/316 776/91/91
f 300/490/490 578/151/151 590/947/947
f 702/175/175 389/177/177 474/646/646
f 389/177/177 392/906/906 474/646/646
f 475/187/187 90/186/186 135/36/36
f 475/187/187 135/36/36 253/190/190
f 476/255/255 978/276/276 278/1037/275
f 476/255/255 474/646/646 181/647/647
f 46/530/530 129/529/529 477/253/253
f 165/236/236 477/253/253 479/310/310
f 478/434/434 301/831/831 809/948/948
f 94/463/463 965/421/421 478/434/434
f 479/310/310 477/253/253 129/529/529
f 479/310/310 129/529/529 358/311/311
f 262/1005/653 480/468/468 993/1026/49
f 262/1005/653 14/209/209 480/468/468
f 186/323/323 608/651/651 481/949/949
f 864/796/796 269/1002/194 186/323/323
f 326/474/474 482/469/469 480/468/468
f 326/474/474 329/852/852 482/469/469
f 483/940/940 930/939/939 103/443/443
f 153/581/581 656/458/458 103/443/443
f 143/689/689 907/950/950 484/704/704
f 23/951/951 484/704/704 486/423/423
f 154/54/54 214/56/56 485/589/589
f 154/54/54 716/525/525 151/585/585
f 905/184/184 299/828/828 486/423/423
f 484/704/704 905/184/184 486/423/423
f 460/66/66 487/621/621 945/952/952
f 488/877/877 487/621/621 350/68/68
f 487/621/621 488/877/877 945/952/952
f 33/269/269 660/518/518 488/877/877
f 299/828/828 489/142/142 923/424/424
f 905/184/184 489/142/142 299/828/828
f 27/139/139 188/14/14 490/13/13
f 543/953/953 27/139/139 490/13/13
f 491/524/524 424/680/680 973/681/681
f 491/524/524 745/926/926 635/591/591
f 951/77/77 610/954/954 400/75/75
f 499/703/703 484/704/704 23/951/951
f 443/890/890 493/223/223 897/613/613
f 493/223/223 443/890/890 441/685/685
f 460/66/66 218/725/725 494/67/67
f 810/722/722 218/725/725 886/695/695
f 833/535/535 485/589/589 495/713/713
f 463/349/349 407/597/597 835/860/860
f 951/77/77 23/951/951 610/954/954
f 23/951/951 486/423/423 638/701/701
f 266/791/791 497/156/156 390/1027/574
f 266/791/791 976/157/157 497/156/156
f 403/658/658 128/522/522 498/945/945
f 824/754/754 636/57/57 394/212/212
f 143/689/689 499/703/703 723/690/690
f 499/703/703 23/951/951 492/955/955
f 500/380/380 147/404/404 852/402/402
f 500/380/380 701/910/910 327/381/381
f 420/921/921 168/616/616 501/956/956
f 658/519/519 660/518/518 501/956/956
f 892/957/957 205/958/958 40/282/282
f 953/206/206 557/208/208 932/959/959
f 386/272/272 686/902/902 503/277/277
f 627/638/638 386/272/272 503/277/277
f 414/379/379 83/854/854 504/9/9
f 852/402/402 701/910/910 500/380/380
f 36/59/59 970/779/779 505/775/775
f 36/59/59 505/775/775 332/542/542
f 506/507/507 125/510/510 798/506/506
f 506/507/507 654/12/12 532/11/11
f 507/230/230 81/351/351 362/242/242
f 739/229/229 81/351/351 507/230/230
f 670/594/594 64/626/626 160/625/625
f 871/71/71 885/1006/787 64/626/626
f 908/764/764 125/510/510 509/512/512
f 532/11/11 125/510/510 506/507/507
f 657/475/475 510/634/634 114/476/476
f 114/476/476 510/634/634 349/436/436
f 328/830/830 300/490/490 511/491/491
f 511/491/491 300/490/490 473/492/492
f 270/673/673 512/789/789 690/901/901
f 512/789/789 270/673/673 806/797/797
f 509/512/512 125/510/510 532/11/11
f 869/769/769 509/512/512 794/538/538
f 270/673/673 514/300/300 806/797/797
f 196/297/297 514/300/300 26/299/299
f 126/514/514 538/505/505 996/504/504
f 467/517/517 814/516/516 126/514/514
f 516/343/343 400/75/75 610/954/954
f 400/75/75 516/343/343 556/745/745
f 42/960/960 517/219/219 961/683/683
f 612/759/759 938/215/215 415/552/552
f 221/38/38 643/7/7 518/729/729
f 221/38/38 518/729/729 522/640/640
f 429/455/455 729/319/319 519/917/917
f 837/712/712 209/710/710 254/711/711
f 869/769/769 520/771/771 20/26/26
f 520/771/771 523/539/539 171/27/27
f 521/86/86 121/298/298 921/509/509
f 121/298/298 521/86/86 265/88/88
f 392/906/906 184/907/907 522/640/640
f 184/907/907 221/38/38 522/640/640
f 523/539/539 247/537/537 371/536/536
f 523/539/539 520/771/771 869/769/769
f 524/87/87 192/655/655 718/657/657
f 521/86/86 710/456/456 524/87/87
f 208/708/708 525/429/429 96/5/5
f 528/427/427 525/429/429 82/428/428
f 530/961/961 533/962/962 298/250/250
f 311/365/365 533/962/962 530/961/961
f 527/666/666 572/798/798 276/328/328
f 527/666/666 276/328/328 104/320/320
f 96/5/5 525/429/429 528/427/427
f 528/427/427 790/240/240 96/5/5
f 529/665/665 882/664/664 192/655/655
f 529/665/665 192/655/655 524/87/87
f 298/250/250 526/109/109 530/961/961
f 526/109/109 311/365/365 530/961/961
f 182/515/515 534/642/642 814/516/516
f 748/226/226 31/152/152 814/516/516
f 513/249/249 794/538/538 134/10/10
f 371/536/536 794/538/538 513/249/249
f 533/962/962 79/367/367 694/808/808
f 79/367/367 533/962/962 311/365/365
f 531/414/414 31/152/152 748/226/226
f 92/412/412 531/414/414 748/226/226
f 535/342/342 115/614/614 420/921/921
f 865/748/748 420/921/921 501/956/956
f 536/448/448 947/788/788 150/568/568
f 144/446/446 536/448/448 150/568/568
f 537/559/559 863/1051/171 765/963/963
f 157/571/571 537/559/559 805/593/593
f 428/315/315 538/505/505 515/154/154
f 31/152/152 515/154/154 538/505/505
f 541/668/668 539/667/667 193/267/267
f 241/839/839 308/268/268 539/667/667
f 758/693/693 540/15/15 256/694/694
f 256/694/694 540/15/15 105/782/782
f 241/839/839 541/668/668 894/22/22
f 539/667/667 541/668/668 241/839/839
f 542/723/723 228/34/34 71/347/347
f 542/723/723 71/347/347 829/724/724
f 543/953/953 938/215/215 69/217/217
f 543/953/953 69/217/217 27/139/139
f 546/964/964 18/649/649 544/452/452
f 18/649/649 360/1012/882 544/452/452
f 857/916/916 88/411/411 545/913/913
f 857/916/916 874/274/274 55/273/273
f 185/52/52 546/964/964 930/939/939
f 546/964/964 548/340/340 18/649/649
f 99/331/331 547/330/330 325/692/692
f 325/692/692 547/330/330 758/693/693
f 546/964/964 185/52/52 548/340/340
f 185/52/52 207/296/296 548/340/340
f 889/699/699 549/965/965 106/966/966
f 892/957/957 932/959/959 549/965/965
f 652/1046/290 550/289/289 421/164/164
f 32/165/165 421/164/164 550/289/289
f 551/795/795 105/782/782 344/459/459
f 947/788/788 344/459/459 346/584/584
f 552/700/700 889/699/699 106/966/966
f 549/965/965 741/967/967 106/966/966
f 553/812/812 286/556/556 139/417/417
f 553/812/812 725/968/968 286/556/556
f 554/283/283 641/918/918 72/1023/488
f 554/1024/283 72/488/488 548/340/340
f 858/70/70 106/966/966 741/967/967
f 14/209/209 858/70/70 741/967/967
f 320/746/746 556/745/745 982/741/741
f 556/745/745 692/911/911 227/747/747
f 549/965/965 932/959/959 557/208/208
f 555/462/462 549/965/965 557/208/208
f 918/243/243 967/932/932 558/969/969
f 797/540/540 284/541/541 562/970/970
f 967/932/932 559/810/810 558/969/969
f 562/970/970 284/541/541 558/969/969
f 6/125/125 620/1020/935 566/971/971
f 620/935/935 6/1022/125 293/335/335
f 561/857/857 571/972/972 952/863/863
f 564/92/92 567/973/973 848/974/974
f 559/810/810 562/970/970 558/969/969
f 559/810/810 355/405/405 562/970/970
f 388/806/806 434/930/930 563/807/807
f 563/807/807 434/930/930 620/1020/935
f 331/159/159 662/93/93 564/92/92
f 564/92/92 848/974/974 331/159/159
f 276/328/328 565/799/799 8/672/672
f 454/369/369 8/672/672 565/799/799
f 434/930/930 566/971/971 620/1020/935
f 566/971/971 568/126/126 6/125/125
f 799/162/162 567/973/973 634/472/472
f 567/973/973 571/972/972 561/857/857
f 434/930/930 721/929/929 568/126/126
f 566/971/971 434/930/930 568/126/126
f 962/677/677 45/719/719 444/720/720
f 962/677/677 198/678/678 653/922/922
f 936/914/914 403/658/658 570/526/526
f 403/658/658 498/945/945 570/526/526
f 337/161/161 571/972/972 799/162/162
f 567/973/973 799/162/162 571/972/972
f 273/327/327 393/116/116 572/798/798
f 572/798/798 529/665/665 273/327/327
f 573/124/124 99/331/331 325/692/692
f 95/437/437 793/439/439 573/124/124
f 348/805/805 278/275/275 574/502/502
f 855/920/920 348/805/805 574/502/502
f 575/687/687 372/81/81 202/6/6
f 575/687/687 202/6/6 465/239/239
f 576/122/122 204/783/783 957/260/260
f 204/783/783 576/122/122 954/851/851
f 577/96/96 222/740/740 884/548/548
f 222/740/740 577/96/96 836/756/756
f 578/151/151 786/259/259 590/947/947
f 578/151/151 783/150/150 786/259/259
f 127/245/245 579/521/521 163/307/307
f 163/307/307 579/521/521 238/753/753
f 616/293/293 580/166/166 853/291/291
f 616/293/293 926/975/975 580/166/166
f 267/201/201 28/794/794 581/534/534
f 28/794/794 570/526/526 581/534/534
f 61/80/80 699/976/976 593/732/732
f 585/302/302 217/78/78 61/80/80
f 127/245/245 20/26/26 583/25/25
f 583/25/25 579/521/521 127/245/245
f 584/454/454 519/917/917 987/146/146
f 104/320/320 584/454/454 406/321/321
f 61/80/80 582/42/42 585/302/302
f 582/42/42 580/166/166 926/975/975
f 586/669/669 193/267/267 861/266/266
f 586/669/669 541/668/668 193/267/267
f 683/739/739 587/549/549 222/740/740
f 587/549/549 884/548/548 222/740/740
f 173/496/496 977/495/495 595/137/137
f 173/496/496 595/137/137 102/138/138
f 365/416/416 589/376/376 553/812/812
f 589/376/376 618/977/977 553/812/812
f 300/490/490 590/947/947 473/492/492
f 590/947/947 786/259/259 473/492/492
f 557/208/208 591/207/207 108/461/461
f 591/207/207 110/473/473 108/461/461
f 626/978/978 592/1019/169 598/979/979
f 744/582/582 597/980/980 594/1018/583
f 593/732/732 582/42/42 61/80/80
f 47/497/497 582/42/42 593/732/732
f 149/560/560 594/1018/583 592/169/169
f 594/583/583 598/979/979 592/1019/169
f 588/435/435 595/137/137 977/495/495
f 595/137/137 588/435/435 60/136/136
f 752/373/373 231/228/228 596/332/332
f 231/228/228 44/333/333 596/332/332
f 594/583/583 597/1016/980 598/979/979
f 101/445/445 1/173/173 597/1016/980
f 626/978/978 598/979/979 1/173/173
f 1/173/173 598/979/979 597/1016/980
f 277/195/195 599/1/1 603/352/352
f 277/195/195 15/288/288 599/1/1
f 918/243/243 600/40/40 602/244/244
f 596/332/332 118/334/334 600/40/40
f 601/544/544 135/36/36 210/35/35
f 210/35/35 829/724/724 601/544/544
f 118/334/334 602/244/244 600/40/40
f 44/333/333 602/244/244 118/334/334
f 599/1/1 302/3/3 603/352/352
f 302/3/3 903/682/682 603/352/352
f 604/101/101 4/232/232 450/102/102
f 142/561/561 4/232/232 604/101/101
f 131/696/696 371/536/536 791/248/248
f 131/696/696 788/981/981 784/697/697
f 242/982/982 606/761/761 7/520/520
f 245/774/774 606/761/761 242/982/982
f 607/551/551 137/557/557 90/186/186
f 133/185/185 607/551/551 90/186/186
f 363/442/442 608/651/651 37/192/192
f 750/308/308 37/192/192 608/651/651
f 609/644/644 235/28/28 606/761/761
f 235/28/28 992/643/643 831/604/604
f 610/954/954 617/778/778 516/343/343
f 617/778/778 638/701/701 119/776/776
f 240/555/555 612/759/759 611/758/758
f 986/575/575 623/73/73 984/72/72
f 612/759/759 517/219/219 42/960/960
f 517/219/219 612/759/759 240/555/555
f 77/305/305 136/983/983 613/292/292
f 613/292/292 451/361/361 77/305/305
f 76/183/183 614/344/344 496/181/181
f 516/343/343 617/778/778 614/344/344
f 615/610/610 997/609/609 854/309/309
f 733/984/984 442/608/608 615/610/610
f 613/292/292 136/983/983 616/293/293
f 136/983/983 926/975/975 616/293/293
f 617/778/778 496/181/181 614/344/344
f 617/778/778 832/777/777 496/181/181
f 725/968/968 553/812/812 618/977/977
f 615/610/610 725/968/968 733/984/984
f 926/975/975 136/983/983 619/304/304
f 136/983/983 77/305/305 619/304/304
f 437/686/686 560/17/17 620/935/935
f 560/17/17 563/1021/807 620/935/935
f 143/689/689 899/691/691 907/950/950
f 143/689/689 847/565/565 899/691/691
f 625/547/547 622/306/306 574/502/502
f 619/304/304 622/306/306 625/547/547
f 899/691/691 967/932/932 623/73/73
f 5/408/408 859/74/74 623/73/73
f 249/579/579 624/546/546 966/1014/189
f 966/1014/189 624/546/546 943/545/545
f 120/303/303 625/547/547 574/502/502
f 585/302/302 625/547/547 120/303/303
f 592/1019/169 626/978/978 385/170/170
f 626/978/978 1/173/173 385/170/170
f 181/647/647 405/639/639 630/985/985
f 630/985/985 476/255/255 181/647/647
f 628/278/278 56/450/450 305/279/279
f 431/113/113 637/115/115 628/278/278
f 103/443/443 101/1017/445 629/588/588
f 744/582/582 101/1017/445 597/980/980
f 630/985/985 405/639/639 627/638/638
f 978/276/276 627/638/638 503/277/277
f 631/827/827 397/449/449 633/451/451
f 102/138/138 631/827/827 297/114/114
f 155/586/586 973/681/681 632/590/590
f 155/586/586 632/590/590 158/179/179
f 297/114/114 631/827/827 633/451/451
f 297/114/114 633/451/451 56/450/450
f 564/92/92 669/94/94 634/472/472
f 567/973/973 564/92/92 634/472/472
f 491/524/524 635/591/591 424/680/680
f 635/591/591 632/590/590 424/680/680
f 128/522/522 252/58/58 636/57/57
f 498/945/945 128/522/522 636/57/57
f 297/114/114 56/450/450 637/115/115
f 628/278/278 637/115/115 56/450/450
f 638/701/701 617/778/778 610/954/954
f 23/951/951 638/701/701 610/954/954
f 518/729/729 88/411/411 639/730/730
f 639/730/730 88/411/411 857/916/916
f 301/831/831 304/235/235 640/832/832
f 811/465/465 301/831/831 640/832/832
f 436/441/441 870/766/766 641/918/918
f 436/441/441 641/918/918 554/283/283
f 638/701/701 642/702/702 119/776/776
f 642/702/702 486/423/423 645/422/422
f 257/8/8 643/7/7 65/780/780
f 65/780/780 643/7/7 221/38/38
f 993/49/49 43/51/51 644/873/873
f 757/871/871 644/873/873 43/51/51
f 645/422/422 119/776/776 642/702/702
f 251/498/498 119/776/776 927/425/425
f 648/727/727 646/118/118 219/485/485
f 178/484/484 219/485/485 646/118/118
f 187/652/652 342/872/872 647/628/628
f 647/628/628 342/872/872 757/871/871
f 216/726/726 648/727/727 219/485/485
f 648/727/727 713/33/33 68/32/32
f 404/915/915 189/357/357 649/728/728
f 972/19/19 649/728/728 695/654/654
f 650/338/338 437/686/686 425/986/986
f 683/739/739 813/738/738 677/987/987
f 651/637/637 747/191/191 100/934/934
f 100/934/934 785/631/631 651/637/637
f 749/607/607 50/988/988 652/290/290
f 652/290/290 50/988/988 16/256/256
f 712/370/370 45/719/719 962/677/677
f 712/370/370 383/718/718 45/719/719
f 654/12/12 117/624/624 275/802/802
f 1000/508/508 117/624/624 654/12/12
f 50/988/988 655/254/254 16/256/256
f 655/254/254 50/988/988 324/257/257
f 483/940/940 103/443/443 656/458/458
f 933/460/460 483/940/940 656/458/458
f 470/464/464 657/475/475 979/870/870
f 470/464/464 111/467/467 657/475/475
f 168/616/616 658/519/519 501/956/956
f 168/616/616 671/615/615 658/519/519
f 806/797/797 265/88/88 659/200/200
f 265/88/88 130/793/793 995/792/792
f 583/25/25 171/27/27 660/518/518
f 460/66/66 945/952/952 171/27/27
f 152/82/82 661/578/578 316/587/587
f 372/81/81 661/578/578 152/82/82
f 310/717/717 662/93/93 35/20/20
f 662/93/93 331/159/159 35/20/20
f 663/141/141 846/294/294 890/705/705
f 188/14/14 663/141/141 57/295/295
f 75/833/833 909/227/227 664/350/350
f 378/158/158 75/833/833 664/350/350
f 238/753/753 239/937/937 860/104/104
f 860/104/104 239/937/937 780/105/105
f 662/93/93 666/478/478 669/94/94
f 430/767/767 666/478/478 433/480/480
f 395/905/905 398/908/908 667/37/37
f 667/37/37 398/908/908 65/780/780
f 163/307/307 668/106/106 904/880/880
f 668/106/106 604/101/101 904/880/880
f 669/94/94 666/478/478 430/767/767
f 459/630/630 669/94/94 430/767/767
f 871/1025/71 858/70/70 508/210/210
f 871/1025/71 508/210/210 885/787/787
f 242/982/982 7/520/520 746/989/989
f 583/25/25 746/989/989 7/520/520
f 672/924/924 876/893/893 851/892/892
f 580/166/166 816/168/168 853/291/291
f 305/279/279 673/837/837 676/600/600
f 673/837/837 162/836/836 22/841/841
f 674/550/550 135/36/36 90/186/186
f 90/186/186 884/548/548 674/550/550
f 675/825/825 950/886/886 78/562/562
f 675/825/825 294/816/816 950/886/886
f 676/600/600 22/841/841 956/601/601
f 22/841/841 676/600/600 673/837/837
f 425/986/986 677/987/987 813/738/738
f 425/986/986 437/686/686 680/337/337
f 678/611/611 166/44/44 357/224/224
f 10/222/222 678/611/611 357/224/224
f 266/791/791 964/324/324 679/326/326
f 266/791/791 679/326/326 269/1002/194
f 680/337/337 432/336/336 677/987/987
f 425/986/986 680/337/337 677/987/987
f 681/676/676 678/611/611 180/99/99
f 681/676/676 180/99/99 197/98/98
f 390/1027/574 682/231/231 86/393/393
f 86/393/393 682/231/231 223/394/394
f 71/347/347 683/739/739 687/990/990
f 683/739/739 677/987/987 687/990/990
f 684/881/881 678/611/611 681/676/676
f 63/675/675 684/881/881 681/676/676
f 696/1053/733 362/242/242 685/734/734
f 362/242/242 70/374/374 685/734/734
f 874/274/274 689/991/991 686/902/902
f 689/991/991 462/822/822 686/902/902
f 71/347/347 687/990/990 432/336/336
f 677/987/987 432/336/336 687/990/990
f 97/430/430 688/432/432 939/431/431
f 704/558/558 688/432/432 97/430/430
f 34/62/62 462/822/822 689/991/991
f 545/913/913 34/62/62 689/991/991
f 693/899/899 690/901/901 763/383/383
f 690/901/901 693/899/899 60/136/136
f 145/573/573 691/821/821 354/878/878
f 354/878/878 691/821/821 290/155/155
f 227/747/747 692/911/911 76/183/183
f 692/911/911 516/343/343 76/183/183
f 693/899/899 763/383/383 382/674/674
f 693/899/899 382/674/674 391/781/781
f 767/943/943 282/111/111 533/962/962
f 767/943/943 770/942/942 282/111/111
f 695/654/654 649/728/728 220/618/618
f 695/654/654 220/618/618 232/354/354
f 782/1054/992 362/242/242 696/1053/733
f 699/976/976 696/1053/733 593/732/732
f 60/136/136 697/135/135 102/138/138
f 102/138/138 697/135/135 631/827/827
f 641/918/918 408/132/132 698/131/131
f 641/918/918 698/131/131 72/1023/488
f 782/1054/992 223/1013/394 362/242/242
f 703/392/392 223/394/394 898/820/820
f 236/214/214 700/188/188 151/585/585
f 236/214/214 969/213/213 700/188/188
f 852/402/402 83/854/854 701/910/910
f 399/853/853 701/910/910 83/854/854
f 702/175/175 9/577/577 840/176/176
f 999/850/850 9/577/577 702/175/175
f 691/821/821 145/573/573 703/392/392
f 691/821/821 703/392/392 898/820/820
f 489/142/142 708/144/144 704/558/558
f 704/558/558 708/144/144 413/433/433
f 482/469/469 705/50/50 993/1026/49
f 482/469/469 911/856/856 705/50/50
f 238/753/753 706/752/752 239/937/937
f 706/752/752 455/30/30 239/937/937
f 856/819/819 707/707/707 285/4/4
f 707/707/707 96/5/5 285/4/4
f 708/144/144 140/553/553 413/433/433
f 708/144/144 138/143/143 140/553/553
f 281/47/47 709/16/16 122/48/48
f 709/16/16 281/47/47 563/1021/807
f 710/456/456 529/665/665 524/87/87
f 710/456/456 273/327/327 529/665/665
f 66/107/107 298/250/250 711/238/238
f 711/238/238 456/237/237 66/107/107
f 962/677/677 653/922/922 712/370/370
f 712/370/370 653/922/922 422/371/371
f 263/466/466 713/33/33 216/726/726
f 713/33/33 648/727/727 216/726/726
f 46/530/530 477/253/253 714/252/252
f 298/250/250 46/530/530 714/252/252
f 308/268/268 715/846/846 861/266/266
f 308/268/268 351/205/205 715/846/846
f 581/534/534 716/525/525 485/589/589
f 485/589/589 716/525/525 154/54/54
f 720/688/688 492/955/955 717/76/76
f 883/840/840 717/76/76 400/75/75
f 41/211/211 524/87/87 718/657/657
f 41/211/211 718/657/657 936/914/914
f 722/923/923 753/883/883 719/919/919
f 722/923/923 719/919/919 422/371/371
f 203/993/993 720/688/688 717/76/76
f 887/407/407 845/406/406 839/994/994
f 724/904/904 568/126/126 721/929/929
f 817/903/903 724/904/904 721/929/929
f 367/885/885 722/923/923 198/678/678
f 722/923/923 653/922/922 198/678/678
f 720/688/688 723/690/690 492/955/955
f 723/690/690 499/703/703 492/955/955
f 998/660/660 24/931/931 568/126/126
f 24/931/931 998/660/660 38/197/197
f 725/968/968 21/409/409 286/556/556
f 21/409/409 854/309/309 49/312/312
f 500/380/380 726/382/382 147/404/404
f 867/395/395 726/382/382 272/576/576
f 349/436/436 730/486/486 727/301/301
f 727/301/301 270/673/673 349/436/436
f 733/984/984 725/968/968 618/977/977
f 589/376/376 733/984/984 618/977/977
f 820/318/318 209/710/710 729/319/319
f 729/319/319 209/710/710 519/917/917
f 730/486/486 178/484/484 727/301/301
f 219/485/485 178/484/484 730/486/486
f 39/925/925 731/203/203 797/540/540
f 731/203/203 39/925/925 816/168/168
f 8/672/672 195/671/671 732/317/317
f 80/368/368 732/317/317 195/671/671
f 442/608/608 733/984/984 728/375/375
f 728/375/375 733/984/984 589/376/376
f 3/134/134 60/136/136 734/900/900
f 3/134/134 734/900/900 309/84/84
f 735/167/167 580/166/166 132/41/41
f 731/203/203 735/167/167 132/41/41
f 736/803/803 134/10/10 654/12/12
f 738/543/543 736/803/803 431/113/113
f 737/864/864 841/858/858 31/152/152
f 946/865/865 337/161/161 838/861/861
f 134/10/10 736/803/803 738/543/543
f 134/10/10 738/543/543 605/281/281
f 378/158/158 664/350/350 739/229/229
f 390/574/574 378/158/158 739/229/229
f 740/182/182 251/498/498 211/500/500
f 251/498/498 740/182/182 119/776/776
f 741/967/967 549/965/965 555/462/462
f 14/209/209 741/967/967 555/462/462
f 211/500/500 251/498/498 742/715/715
f 211/500/500 742/715/715 695/654/654
f 746/989/989 743/760/760 242/982/982
f 245/774/774 242/982/982 743/760/760
f 629/588/588 744/582/582 153/581/581
f 629/588/588 101/1017/445 744/582/582
f 745/926/926 190/148/148 148/147/147
f 745/926/926 148/147/147 635/591/591
f 743/760/760 746/989/989 671/615/615
f 671/615/615 746/989/989 583/25/25
f 25/933/933 100/934/934 747/191/191
f 873/193/193 25/933/933 747/191/191
f 534/642/642 748/226/226 814/516/516
f 357/224/224 748/226/226 534/642/642
f 749/607/607 324/257/257 50/988/988
f 999/850/850 702/175/175 324/257/257
f 750/308/308 608/651/651 250/325/325
f 250/325/325 67/606/606 750/308/308
f 751/271/271 501/956/956 660/518/518
f 865/748/748 501/956/956 751/271/271
f 81/351/351 664/350/350 752/373/373
f 752/373/373 664/350/350 909/227/227
f 367/885/885 753/883/883 722/923/923
f 367/885/885 364/815/815 753/883/883
f 329/852/852 110/473/473 754/751/751
f 754/751/751 900/662/662 911/856/856
f 87/400/400 84/399/399 755/202/202
f 755/202/202 410/533/533 87/400/400
f 756/898/898 62/895/895 396/133/133
f 379/603/603 62/895/895 756/898/898
f 757/871/871 43/51/51 428/315/315
f 757/871/871 428/315/315 937/314/314
f 490/13/13 540/15/15 758/693/693
f 939/431/431 490/13/13 758/693/693
f 968/817/817 759/679/679 287/813/813
f 759/679/679 399/853/853 287/813/813
f 360/882/882 823/174/174 760/1011/444
f 360/1012/882 760/444/444 544/452/452
f 157/571/571 805/593/593 761/90/90
f 779/89/89 157/571/571 761/90/90
f 191/198/198 724/904/904 762/847/847
f 764/848/848 191/198/198 762/847/847
f 763/383/383 512/789/789 84/399/399
f 690/901/901 512/789/789 763/383/383
f 309/84/84 52/129/129 764/848/848
f 764/848/848 52/129/129 191/198/198
f 765/963/963 863/1051/171 768/69/69
f 765/963/963 805/593/593 537/559/559
f 321/85/85 764/848/848 766/262/262
f 321/85/85 766/262/262 323/849/849
f 767/943/943 694/808/808 914/617/617
f 533/962/962 694/808/808 767/943/943
f 765/963/963 768/69/69 141/995/995
f 768/69/69 871/71/71 141/995/995
f 69/217/217 769/784/784 258/140/140
f 258/140/140 769/784/784 274/287/287
f 282/111/111 770/942/942 172/345/345
f 770/942/942 775/45/45 172/345/345
f 771/396/396 472/946/946 145/573/573
f 778/790/790 472/946/946 774/65/65
f 772/623/623 170/356/356 19/620/620
f 772/623/623 19/620/620 368/888/888
f 112/123/123 576/122/122 773/261/261
f 112/123/123 773/261/261 109/470/470
f 771/396/396 774/65/65 472/946/946
f 272/576/576 774/65/65 771/396/396
f 775/45/45 368/888/888 384/43/43
f 368/888/888 775/45/45 772/623/623
f 776/91/91 670/594/594 160/625/625
f 776/91/91 160/625/625 303/599/599
f 142/561/561 777/884/884 78/562/562
f 780/105/105 675/825/825 777/884/884
f 376/64/64 67/606/606 778/790/790
f 376/64/64 778/790/790 774/65/65
f 781/258/258 779/89/89 116/316/316
f 779/89/89 464/572/572 157/571/571
f 780/105/105 142/561/561 604/101/101
f 780/105/105 777/884/884 142/561/561
f 781/258/258 464/572/572 779/89/89
f 457/736/736 464/572/572 915/629/629
f 290/155/155 898/820/820 901/79/79
f 699/1003/976 898/820/820 696/733/733
f 783/150/150 175/471/471 915/629/629
f 634/472/472 175/471/471 783/150/150
f 40/282/282 784/697/697 605/281/281
f 40/282/282 205/958/958 784/697/697
f 176/285/285 850/632/632 785/1009/631
f 785/631/631 100/934/934 176/1010/285
f 473/492/492 786/259/259 116/316/316
f 781/258/258 116/316/316 786/259/259
f 59/284/284 787/801/801 176/285/285
f 59/284/284 207/296/296 893/706/706
f 131/696/696 791/248/248 788/981/981
f 788/981/981 605/281/281 784/697/697
f 789/818/818 316/587/587 85/178/178
f 789/818/818 85/178/178 446/163/163
f 93/418/418 790/240/240 528/427/427
f 93/418/418 139/417/417 790/240/240
f 788/981/981 791/248/248 605/281/281
f 791/248/248 134/10/10 605/281/281
f 161/377/377 423/24/24 792/23/23
f 161/377/377 792/23/23 439/378/378
f 573/124/124 793/439/439 99/331/331
f 99/331/331 793/439/439 796/329/329
f 794/538/538 532/11/11 134/10/10
f 794/538/538 509/512/512 532/11/11
f 439/378/378 795/265/265 442/608/608
f 792/23/23 795/265/265 439/378/378
f 793/439/439 97/430/430 796/329/329
f 796/329/329 97/430/430 547/330/330
f 562/970/970 355/405/405 797/540/540
f 241/839/839 797/540/540 355/405/405
f 798/506/506 1000/508/508 506/507/507
f 798/506/506 341/868/868 48/494/494
f 799/162/162 803/149/149 994/829/829
f 799/162/162 634/472/472 803/149/149
f 802/18/18 800/876/876 709/16/16
f 369/889/889 122/48/48 800/876/876
f 304/235/235 801/936/936 640/832/832
f 569/234/234 801/936/936 304/235/235
f 802/18/18 369/889/889 800/876/876
f 443/890/890 369/889/889 802/18/18
f 803/149/149 29/489/489 994/829/829
f 803/149/149 578/151/151 29/489/489
f 180/99/99 804/221/221 445/927/927
f 201/684/684 445/927/927 804/221/221
f 805/593/593 765/963/963 141/995/995
f 670/594/594 805/593/593 141/995/995
f 196/297/297 265/88/88 806/797/797
f 806/797/797 514/300/300 196/297/297
f 94/463/463 807/996/996 935/997/997
f 478/434/434 809/948/948 94/463/463
f 310/717/717 972/19/19 808/716/716
f 815/499/499 310/717/717 808/716/716
f 809/948/948 807/996/996 94/463/463
f 811/465/465 935/997/997 807/996/996
f 218/725/725 810/722/722 494/67/67
f 494/67/67 810/722/722 350/68/68
f 809/948/948 811/465/465 807/996/996
f 301/831/831 811/465/465 809/948/948
f 416/656/656 913/663/663 812/322/322
f 416/656/656 812/322/322 409/659/659
f 650/338/338 425/986/986 813/738/738
f 237/339/339 650/338/338 813/738/738
f 31/152/152 538/505/505 814/516/516
f 538/505/505 126/514/514 814/516/516
f 808/716/716 742/715/715 815/499/499
f 251/498/498 815/499/499 742/715/715
f 816/168/168 672/924/924 853/291/291
f 816/168/168 39/925/925 672/924/924
f 319/263/263 817/903/903 388/806/806
f 817/903/903 434/930/930 388/806/806
f 818/415/415 374/874/874 339/413/413
f 374/874/874 818/415/415 189/357/357
f 819/482/482 208/708/708 707/707/707
f 888/391/391 819/482/482 113/481/481
f 732/317/317 80/368/368 820/318/318
f 820/318/318 80/368/368 383/718/718
f 448/360/360 821/389/389 955/938/938
f 448/360/360 819/482/482 821/389/389
f 822/225/225 92/412/412 748/226/226
f 822/225/225 380/896/896 92/412/412
f 823/174/174 101/445/445 760/1011/444
f 823/174/174 1/173/173 101/445/445
f 471/527/527 498/945/945 824/754/754
f 636/57/57 824/754/754 498/945/945
f 825/153/153 328/830/830 426/598/598
f 333/855/855 328/830/830 825/153/153
f 315/384/384 826/398/398 74/386/386
f 74/386/386 826/398/398 352/596/596
f 827/755/755 236/214/214 151/585/585
f 827/755/755 394/212/212 236/214/214
f 255/199/199 830/785/785 828/346/346
f 38/197/197 828/346/346 352/596/596
f 334/859/859 829/1007/724 338/401/401
f 829/724/724 71/347/347 338/1008/401
f 830/785/785 352/596/596 828/346/346
f 352/596/596 830/785/785 74/386/386
f 831/604/604 452/29/29 235/28/28
f 452/29/29 831/604/604 756/898/898
f 740/182/182 832/777/777 119/776/776
f 832/777/777 740/182/182 496/181/181
f 407/597/597 410/533/533 833/535/535
f 407/597/597 833/535/535 835/860/860
f 13/196/196 834/897/897 976/1001/157
f 13/196/196 75/833/833 834/897/897
f 835/860/860 495/713/713 336/714/714
f 495/713/713 835/860/860 833/535/535
f 836/756/756 197/98/98 237/339/339
f 836/756/756 237/339/339 222/740/740
f 209/710/710 837/712/712 519/917/917
f 987/146/146 519/917/917 837/712/712
f 737/864/864 838/861/861 841/858/858
f 838/861/861 11/160/160 333/855/855
f 845/406/406 842/998/998 839/994/994
f 839/994/994 720/688/688 203/993/993
f 840/176/176 401/909/909 395/905/905
f 840/176/176 837/712/712 401/909/909
f 841/858/858 838/861/861 333/855/855
f 841/858/858 333/855/855 825/153/153
f 720/688/688 839/994/994 847/565/565
f 847/565/565 143/689/689 720/688/688
f 401/909/909 843/912/912 398/908/908
f 837/712/712 843/912/912 401/909/909
f 844/479/479 666/478/478 662/93/93
f 844/479/479 662/93/93 310/717/717
f 89/566/566 842/998/998 845/406/406
f 89/566/566 845/406/406 559/810/810
f 846/294/294 274/287/287 850/632/632
f 258/140/140 274/287/287 846/294/294
f 847/565/565 839/994/994 842/998/998
f 847/565/565 842/998/998 89/566/566
f 567/973/973 561/857/857 848/974/974
f 561/857/857 331/159/159 848/974/974
f 399/853/853 849/363/363 701/910/910
f 759/679/679 849/363/363 399/853/853
f 850/632/632 176/285/285 787/801/801
f 787/801/801 846/294/294 850/632/632
f 672/924/924 851/892/892 853/291/291
f 375/867/867 851/892/892 340/362/362
f 504/9/9 852/402/402 925/364/364
f 83/854/854 852/402/402 504/9/9
f 853/291/291 851/892/892 375/867/867
f 613/292/292 853/291/291 375/867/867
f 725/968/968 854/309/309 21/409/409
f 725/968/968 615/610/610 854/309/309
f 855/920/920 58/804/804 348/805/805
f 419/359/359 58/804/804 855/920/920
f 289/811/811 920/826/826 856/819/819
f 856/819/819 285/4/4 289/811/811
f 639/730/730 857/916/916 402/641/641
f 402/641/641 857/916/916 405/639/639
f 863/171/171 552/700/700 858/70/70
f 552/700/700 106/966/966 858/70/70
f 387/220/220 859/74/74 44/333/333
f 859/74/74 602/244/244 44/333/333
f 665/757/757 860/104/104 668/106/106
f 238/753/753 860/104/104 665/757/757
f 795/265/265 861/266/266 456/237/237
f 456/237/237 861/266/266 53/108/108
f 862/341/341 230/650/650 226/648/648
f 862/341/341 865/748/748 230/650/650
f 863/171/171 810/722/722 213/721/721
f 863/171/171 213/721/721 552/700/700
f 481/949/949 864/796/796 186/323/323
f 608/651/651 866/636/636 481/949/949
f 535/342/342 420/921/921 865/748/748
f 862/341/341 535/342/342 865/748/748
f 866/636/636 179/1040/635 864/796/796
f 866/636/636 864/796/796 481/949/949
f 30/61/61 147/404/404 867/395/395
f 147/404/404 726/382/382 867/395/395
f 54/270/270 33/269/269 868/172/172
f 54/270/270 868/172/172 230/650/650
f 247/537/537 523/539/539 869/769/769
f 247/537/537 869/769/769 794/538/538
f 408/132/132 870/766/766 245/774/774
f 248/773/773 245/774/774 870/766/766
f 141/995/995 871/71/71 670/594/594
f 670/594/594 871/71/71 64/626/626
f 395/905/905 667/37/37 872/39/39
f 184/907/907 395/905/905 872/39/39
f 873/193/193 877/765/765 25/933/933
f 873/193/193 296/772/772 248/773/773
f 857/916/916 545/913/913 874/274/274
f 874/274/274 545/913/913 689/991/991
f 20/26/26 875/247/247 359/770/770
f 359/770/770 875/247/247 509/512/512
f 879/894/894 876/893/893 113/481/481
f 423/24/24 113/481/481 876/893/893
f 877/765/765 248/773/773 870/766/766
f 873/193/193 248/773/773 877/765/765
f 875/247/247 878/246/246 356/511/511
f 509/512/512 356/511/511 880/763/763
f 851/892/892 879/894/894 340/362/362
f 879/894/894 113/481/481 340/362/362
f 356/511/511 878/246/246 880/763/763
f 878/246/246 163/307/307 880/763/763
f 137/557/557 989/97/97 881/809/809
f 577/96/96 884/548/548 881/809/809
f 812/322/322 882/664/664 104/320/320
f 527/666/666 104/320/320 882/664/664
f 351/205/205 887/407/407 883/840/840
f 717/76/76 883/840/840 203/993/993
f 90/186/186 137/557/557 884/548/548
f 137/557/557 881/809/809 884/548/548
f 262/1005/653 885/787/787 14/209/209
f 64/626/626 885/1006/787 262/653/653
f 205/958/958 886/695/695 784/697/697
f 886/695/695 205/958/958 502/999/999
f 839/994/994 203/993/993 887/407/407
f 883/840/840 887/407/407 203/993/993
f 888/391/391 525/429/429 208/708/708
f 888/391/391 208/708/708 819/482/482
f 889/699/699 886/695/695 502/999/999
f 502/999/999 205/958/958 892/957/957
f 663/141/141 890/705/705 57/295/295
f 207/296/296 57/295/295 890/705/705
f 891/390/390 365/416/416 82/428/428
f 891/390/390 82/428/428 888/391/391
f 889/699/699 892/957/957 549/965/965
f 889/699/699 502/999/999 892/957/957
f 787/801/801 59/284/284 893/706/706
f 893/706/706 890/705/705 787/801/801
f 894/22/22 39/925/925 797/540/540
f 423/24/24 39/925/925 894/22/22
f 361/612/612 895/528/528 194/670/670
f 895/528/528 361/612/612 63/675/675
f 896/119/119 621/563/563 453/564/564
f 899/691/691 623/73/73 621/563/563
f 897/613/613 941/944/944 345/875/875
f 345/875/875 443/890/890 897/613/613
f 696/733/733 898/820/820 782/992/992
f 223/394/394 782/992/992 898/820/820
f 907/950/950 899/691/691 896/119/119
f 896/119/119 899/691/691 621/563/563
f 900/662/662 281/1036/47 234/46/46
f 705/50/50 900/662/662 234/46/46
f 901/79/79 898/820/820 699/1003/976
f 901/1004/79 699/976/976 61/80/80
f 896/119/119 138/143/143 902/120/120
f 902/120/120 138/143/143 489/142/142
f 603/352/352 903/682/682 200/834/834
f 906/218/218 366/835/835 200/834/834
f 904/880/880 604/101/101 244/103/103
f 980/879/879 244/103/103 908/764/764
f 206/121/121 902/120/120 905/184/184
f 907/950/950 896/119/119 206/121/121
f 903/682/682 517/219/219 906/218/218
f 200/834/834 903/682/682 906/218/218
f 907/950/950 206/121/121 905/184/184
f 907/950/950 905/184/184 484/704/704
f 908/764/764 244/103/103 353/762/762
f 353/762/762 123/419/419 908/764/764
f 366/835/835 906/218/218 909/227/227
f 603/352/352 366/835/835 909/227/227
f 466/622/622 910/619/619 170/356/356
f 910/619/619 649/728/728 170/356/356
f 482/469/469 329/852/852 911/856/856
f 329/852/852 754/751/751 911/856/856
f 533/962/962 912/251/251 298/250/250
f 912/251/251 533/962/962 282/111/111
f 192/655/655 913/663/663 416/656/656
f 192/655/655 882/664/664 913/663/663
f 914/617/617 466/622/622 772/623/623
f 169/355/355 466/622/622 914/617/617
f 915/629/629 464/572/572 781/258/258
f 915/629/629 781/258/258 783/150/150
f 179/635/635 916/633/633 280/800/800
f 916/633/633 850/632/632 280/800/800
f 917/388/388 446/163/163 32/165/165
f 446/163/163 917/388/388 920/826/826
f 558/969/969 284/541/541 918/243/243
f 284/541/541 132/41/41 918/243/243
f 51/447/447 457/736/736 919/941/941
f 457/736/736 915/629/629 919/941/941
f 920/826/826 789/818/818 446/163/163
f 920/826/826 289/811/811 789/818/818
f 373/483/483 124/117/117 921/509/509
f 373/483/483 921/509/509 26/299/299
f 100/934/934 436/441/441 922/440/440
f 922/440/440 176/1010/285 100/934/934
f 923/424/424 243/438/438 924/1000/1000
f 645/422/422 923/424/424 924/1000/1000
f 924/1000/1000 95/437/437 927/425/425
f 95/437/437 924/1000/1000 243/438/438
f 643/7/7 925/364/364 518/729/729
f 518/729/729 925/364/364 934/731/731
f 585/302/302 582/42/42 926/975/975
f 619/304/304 585/302/302 926/975/975
f 927/425/425 645/422/422 924/1000/1000
f 119/776/776 645/422/422 927/425/425
f 928/645/645 606/761/761 245/774/774
f 606/761/761 928/645/645 609/644/644
f 932/959/959 929/280/280 305/279/279
f 40/282/282 628/278/278 929/280/280
f 930/939/939 544/452/452 103/443/443
f 546/964/964 544/452/452 930/939/939
f 931/128/128 391/781/781 52/129/129
f 734/900/900 391/781/781 931/128/128
f 932/959/959 40/282/282 929/280/280
f 892/957/957 40/282/282 932/959/959
f 933/460/460 458/53/53 930/939/939
f 268/453/453 458/53/53 933/460/460
f 925/364/364 330/403/403 934/731/731
f 934/731/731 330/403/403 88/411/411
f 811/465/465 111/467/467 935/997/997
f 111/467/467 94/463/463 935/997/997
f 28/794/794 981/532/532 570/526/526
f 981/532/532 28/794/794 971/145/145
f 825/153/153 426/598/598 937/314/314
f 515/154/154 825/153/153 937/314/314
f 612/759/759 42/960/960 938/215/215
f 961/683/683 938/215/215 42/960/960
f 939/431/431 938/215/215 543/953/953
f 939/431/431 543/953/953 490/13/13
f 279/112/112 194/670/670 940/110/110
f 940/110/110 194/670/670 46/530/530
f 345/875/875 941/944/944 167/513/513
f 167/513/513 941/944/944 126/514/514
f 433/480/480 844/479/479 942/426/426
f 942/426/426 246/768/768 433/480/480
f 943/545/545 475/187/187 253/190/190
f 966/1014/189 943/545/545 253/190/190
f 53/108/108 861/266/266 944/845/845
f 53/108/108 944/845/845 948/744/744
f 945/952/952 488/877/877 660/518/518
f 660/518/518 171/27/27 945/952/952
f 374/874/874 946/865/865 737/864/864
f 737/864/864 946/865/865 838/861/861
f 261/457/457 551/795/795 947/788/788
f 551/795/795 344/459/459 947/788/788
f 53/108/108 948/744/744 317/842/842
f 948/744/744 320/746/746 317/842/842
f 343/862/862 952/863/863 949/866/866
f 946/865/865 949/866/866 337/161/161
f 294/816/816 364/815/815 950/886/886
f 950/886/886 364/815/815 367/885/885
f 951/77/77 492/955/955 23/951/951
f 717/76/76 492/955/955 951/77/77
f 571/972/972 337/161/161 952/863/863
f 949/866/866 952/863/863 337/161/161
f 305/279/279 956/601/601 953/206/206
f 932/959/959 305/279/279 953/206/206
f 576/122/122 573/124/124 954/851/851
f 325/692/692 954/851/851 573/124/124
f 955/938/938 917/388/388 32/165/165
f 451/361/361 955/938/938 32/165/165
f 956/601/601 307/83/83 312/843/843
f 956/601/601 312/843/843 953/206/206
f 204/783/783 264/786/786 957/260/260
f 957/260/260 264/786/786 261/457/457
f 440/569/569 149/560/560 958/570/570
f 958/570/570 149/560/560 537/559/559
f 15/288/288 277/195/195 959/286/286
f 179/635/635 959/286/286 277/195/195
f 30/61/61 867/395/395 960/397/397
f 462/822/822 30/61/61 960/397/397
f 417/216/216 938/215/215 961/683/683
f 417/216/216 961/683/683 260/2/2
f 569/234/234 962/677/677 444/720/720
f 370/233/233 962/677/677 569/234/234
f 198/678/678 370/233/233 963/887/887
f 78/562/562 963/887/887 370/233/233
f 964/324/324 778/790/790 313/844/844
f 250/325/325 964/324/324 313/844/844
f 965/421/421 341/868/868 798/506/506
f 965/421/421 979/870/870 341/868/868
f 332/542/542 249/1015/579 966/189/189
f 969/213/213 966/189/189 700/188/188
f 623/73/73 967/932/932 5/408/408
f 967/932/932 918/243/243 5/408/408
f 968/817/817 756/898/898 396/133/133
f 968/817/817 452/29/29 756/898/898
f 394/212/212 332/542/542 969/213/213
f 332/542/542 966/189/189 969/213/213
f 252/58/58 970/779/779 36/59/59
f 970/779/779 973/681/681 155/586/586
f 265/88/88 971/145/145 130/793/793
f 28/794/794 130/793/793 971/145/145
f 649/728/728 972/19/19 404/915/915
f 404/915/915 972/19/19 347/21/21
f 252/58/58 973/681/681 970/779/779
f 252/58/58 491/524/524 973/681/681
f 341/868/868 979/870/870 974/869/869
f 977/495/495 98/477/477 114/476/476
f 975/358/358 818/415/415 377/891/891
f 975/358/358 377/891/891 384/43/43
f 269/194/194 13/196/196 976/1001/157
f 266/791/791 269/1002/194 976/157/157
f 48/494/494 974/869/869 977/495/495
f 974/869/869 98/477/477 977/495/495
f 476/255/255 630/985/985 978/276/276
f 630/985/985 627/638/638 978/276/276
f 979/870/870 98/477/477 974/869/869
f 979/870/870 657/475/475 98/477/477
f 980/879/879 904/880/880 244/103/103
f 904/880/880 980/879/879 880/763/763
f 981/532/532 936/914/914 570/526/526
f 41/211/211 936/914/914 981/532/532
f 982/741/741 227/747/747 229/742/742
f 556/745/745 227/747/747 982/741/741
f 323/849/849 766/262/262 983/264/264
f 110/473/473 323/849/849 983/264/264
f 387/220/220 240/555/555 984/72/72
f 240/555/555 986/575/575 984/72/72
f 73/353/353 985/743/743 232/354/354
f 73/353/353 982/741/741 985/743/743
f 986/575/575 611/758/758 453/564/564
f 986/575/575 240/555/555 611/758/758
f 190/148/148 406/321/321 987/146/146
f 584/454/454 987/146/146 406/321/321
f 51/447/447 988/749/749 109/470/470
f 988/749/749 233/750/750 109/470/470
f 283/410/410 989/97/97 137/557/557
f 49/312/312 989/97/97 283/410/410
f 379/603/603 183/602/602 990/605/605
f 183/602/602 609/644/644 990/605/605
f 174/928/928 991/627/627 647/628/628
f 991/627/627 174/928/928 303/599/599
f 609/644/644 183/602/602 992/643/643
f 609/644/644 992/643/643 235/28/28
f 262/653/653 993/49/49 187/652/652
f 187/652/652 993/49/49 342/872/872
f 11/160/160 799/162/162 994/829/829
f 11/160/160 994/829/829 328/830/830
f 995/792/792 267/201/201 659/200/200
f 659/200/200 265/88/88 995/792/792
f 43/51/51 177/503/503 996/504/504
f 126/514/514 996/504/504 177/503/503
f 165/236/236 479/310/310 997/609/609
f 997/609/609 479/310/310 854/309/309
f 191/198/198 998/660/660 724/904/904
f 724/904/904 998/660/660 568/126/126
f 749/607/607 999/850/850 324/257/257
f 158/179/179 999/850/850 749/607/607
f 798/506/506 48/494/494 1000/508/508
f 48/494/494 173/496/496 1000/508/508
