# Blender 5.2.0 LTS
# www.blender.org
mtllib comet.mtl
o Rock_LowPoly
v -2.009548 3.487382 1.656225
v -2.204115 0.916140 0.416937
v 2.619241 4.876733 -1.064876
v -0.719157 1.384488 -3.523815
v -1.387341 4.552220 0.431803
v 1.930300 1.467638 0.357001
v 2.520233 4.459529 -0.130627
v -0.635814 0.331131 -3.155028
v 0.839260 0.508908 -2.251832
v 2.073287 4.710522 0.851933
v -1.168349 2.916142 3.686158
v 1.208972 3.230355 2.414140
v 0.279397 0.961201 -3.838551
v -1.930110 1.742376 -0.405498
v -1.909140 3.528509 -0.817253
v -1.699019 4.374910 3.691339
v 1.276340 2.805399 2.329139
v 0.560185 3.693459 -2.911527
v -2.373753 2.130055 1.269225
v -1.182546 1.052074 1.606382
v 1.036541 5.816712 -0.367692
v 1.462826 5.741519 -1.083714
v -1.372764 0.707792 1.225159
v 0.911284 4.980834 -1.637295
v 0.086409 0.109191 -0.966371
v 2.676631 4.146147 -0.607676
v -0.423258 5.322505 2.824570
v 2.296403 4.342495 -1.931124
v -1.438030 0.534385 -2.693257
v 0.755431 5.097533 2.500243
v -2.788092 2.408104 2.714615
v 0.514471 0.637286 -0.684832
v 0.457587 5.181322 -0.071772
v -2.495870 1.923166 1.615566
v 0.957872 2.660941 -2.670043
v 2.229959 3.226531 -0.695443
v -1.723072 0.161865 -0.199112
v 1.122317 3.877267 -2.547665
v 0.494270 4.553662 2.856480
v 0.290298 5.071774 -0.872652
v -1.642146 3.588537 -0.992538
v 1.365238 2.631164 -2.634180
v -0.337477 0.684184 1.526865
v -1.829245 4.727941 2.313998
v 1.904645 3.235041 1.439958
v -1.030878 4.681374 1.872350
v 2.128443 2.649355 -0.089142
v -1.514424 3.358005 3.741769
v -2.313419 3.417770 3.458518
v 1.097509 4.789542 2.066785
v 1.855508 3.511804 -2.140688
v -1.749728 3.994354 1.100831
v 0.377075 0.666305 -0.062516
v 0.717624 1.382718 -3.506621
v 1.949507 4.452058 -2.031597
v -2.037267 1.901324 3.104883
v -0.612877 5.250208 2.350978
v 2.354615 2.750733 0.385788
v -0.255067 4.355891 -1.717590
v 1.420679 1.572689 1.197019
v -0.163374 5.022178 0.833400
v -2.401676 3.237373 2.447421
v 1.955021 3.484122 1.439734
v -0.415537 0.268323 0.752544
v 1.724550 6.146651 0.088845
v 0.256861 4.234367 2.899184
v 2.563838 3.343235 -0.155825
v 0.349289 0.340410 -0.537103
v 0.375925 4.022693 -2.646633
v 0.425770 2.601207 3.223145
v 2.680362 3.138613 0.243539
v -1.718230 1.133115 1.540585
v 0.625155 0.410223 -1.246451
v 2.051888 4.977698 -1.820620
v 0.556241 3.469759 3.213078
v -1.351637 4.939231 2.960667
v -2.055565 2.082808 1.001603
v 1.486633 4.399677 -1.984380
v 0.493667 2.296930 -3.494492
v 2.267259 2.033524 0.405495
v -2.051769 3.962945 3.235995
v -2.003438 2.560053 0.310033
v 0.863934 4.309083 -2.206715
v 2.021741 5.462770 0.959825
v -1.591972 2.386875 -1.985756
v 0.336902 0.449759 -3.085922
v 1.231161 3.266204 -2.575868
v -1.599867 1.157594 1.248486
v 1.994673 5.631699 0.454924
v 0.578431 4.256042 2.465537
v -1.438331 0.230537 0.648692
v -2.542199 2.989577 1.923819
v 0.020359 4.269228 -2.323645
v 1.928052 5.951657 -0.567248
v 1.711540 1.776460 -0.592048
v -2.175719 4.213624 2.077248
v -2.010057 1.739720 0.406856
v -1.599756 0.986392 0.973916
v -1.842352 3.636986 0.143817
v -2.357845 3.673032 2.148234
v 2.306827 3.081615 -0.543629
v -1.899739 0.294912 0.230449
v 1.566718 1.398757 -0.344854
v 0.026444 5.290270 2.921781
v -1.958613 1.503199 2.083357
v 0.553954 1.025781 -3.734061
v -2.255318 1.129848 -0.206156
v 2.149254 4.154697 0.911078
v -1.191609 4.269153 -1.154784
v -0.539081 1.437869 -3.487144
v -2.140056 3.058646 -0.183237
v 1.713739 4.410172 1.130231
v 0.812974 1.990747 -3.346901
v 1.917305 1.754300 -0.335651
v -1.916676 4.767903 2.658341
v -2.298552 1.606336 2.168569
v -0.144202 0.087014 -0.452354
v 0.705890 5.190594 1.167322
v 1.744619 2.360574 -0.865681
v 2.652565 4.619356 -0.755679
v -2.256436 1.557968 1.898405
v -0.957693 0.256935 -2.813338
v -0.495087 3.639282 3.441879
v 1.549954 3.244427 1.607623
v -0.674534 0.773603 1.825168
v -0.968430 4.289840 3.833956
v 0.578923 4.467890 -1.822257
v 0.623615 2.177062 2.896053
v -2.175139 1.118025 -0.815961
v 1.322170 5.259991 1.459435
v -1.771877 4.296473 1.586747
v 2.273570 3.167875 1.096326
v -2.151201 0.921974 -1.232476
v 2.286188 3.716219 0.842440
v -0.166695 1.266389 -3.724681
v -0.076495 5.173598 1.258246
v 0.668264 4.200645 -2.588500
v -0.861517 0.076337 -2.645730
v -1.768500 4.798495 3.272225
v -0.360746 3.011885 3.260777
v 1.051411 1.045467 0.391275
v 0.627808 5.290187 2.299752
v -0.412485 2.697721 3.304995
v 2.170996 3.660443 -1.440946
v -0.132146 0.783337 1.317200
v 2.132591 2.172467 1.006555
v 0.398874 0.952366 0.915009
v 1.560342 3.980789 -2.354885
v -1.303421 1.788035 -2.732430
v 1.083052 5.896661 0.454656
v 2.417637 2.803962 0.604462
v -0.986600 4.962892 0.675233
v 0.328433 3.438186 -2.942569
v 2.085903 3.729074 1.106885
v 0.124296 4.784139 3.116194
v -0.984921 4.721145 -0.010235
v -1.770710 1.301282 -2.198527
v 0.061609 1.295712 1.634192
v 1.366549 4.808085 -1.870766
v 1.569740 2.381130 -1.768517
v 1.263092 4.501790 1.575608
v 0.503773 1.249847 -3.830575
v 2.139078 1.894031 0.914828
v 2.419456 5.291522 -0.985611
v 0.528477 0.284073 -2.669948
v 1.278134 4.138831 1.573779
v 1.603672 2.463177 -2.413042
v 0.767205 3.112033 3.018584
v -1.946739 3.784145 -0.327867
v -1.172762 0.907661 -3.077384
v -1.678377 3.029497 3.668734
v 2.794943 3.759934 -0.842810
v -2.022571 3.370904 3.613096
v -2.439984 2.885592 1.663010
v -0.590043 2.004632 -3.321552
v 2.213686 4.402469 0.553602
v 1.041568 0.924816 -1.058522
v -1.997689 2.349291 1.110643
v 0.929521 4.601746 2.408389
v -0.995513 4.529821 -1.046127
v 1.591286 3.318649 -2.394191
v -1.981101 1.891664 0.931478
v 1.183815 0.973633 -0.526881
v -2.326595 3.331720 2.043029
v 1.184791 4.286070 -2.384536
v 1.169874 2.101266 1.906389
v 2.010055 5.425414 -1.449446
v 0.289392 0.093048 -1.957321
v 0.504287 2.853841 -2.994053
v 0.783091 1.310480 1.308766
v -2.150830 1.414407 1.573134
v 1.654484 2.118934 -0.985595
v 2.683555 3.758236 -1.317894
v 1.674243 6.057528 0.563849
v -1.159647 4.927920 3.540175
v 2.810395 4.173447 -1.483598
v 1.489587 4.189040 1.441199
v -1.279795 0.198227 -2.506385
v -0.781679 0.261040 0.811287
v 0.494642 4.645688 -1.534193
v 1.837143 2.737397 -2.165738
v 2.651809 3.087759 -0.294288
v -2.632302 2.915427 3.184886
v -0.605451 4.630814 -1.264506
v -0.953963 0.989311 -3.381507
v 2.259851 2.999490 -0.915354
v -0.858998 4.799392 1.691564
v -0.879313 0.011039 -1.840849
v -1.071327 2.690248 -2.461041
v 2.118000 4.629267 -1.998270
v 2.172442 2.241146 -0.070858
v -1.324504 0.055398 -0.822799
v -2.519042 1.966401 1.957297
v 2.402427 5.329048 0.072913
v 0.531604 5.092202 2.787118
v -0.480482 0.030424 -0.987152
v 2.430369 3.792752 -1.563382
v -1.670845 0.172398 -0.815413
v 1.765099 5.002528 1.319033
v 0.504521 3.874731 2.934718
v -1.112566 1.130140 2.475925
v -1.970422 2.597116 0.567183
v 1.703912 3.484041 -2.194143
v 1.216966 1.270732 -1.306684
v 0.595309 5.452864 0.364190
v 0.062369 4.358674 -1.858395
v -2.705921 1.941552 2.792128
v 1.785081 3.011750 -2.342972
v 2.666576 3.831941 -0.162048
v -1.288587 4.780049 0.513325
v -0.539134 4.824519 3.109722
v 1.293298 4.654036 -1.926212
v -2.434539 2.861749 3.440466
v 2.798417 3.884120 -1.228796
v 0.242628 1.767919 2.477685
v 0.797754 3.260820 -2.805281
v -0.844730 4.735099 2.561521
v -2.195619 3.484026 2.608951
v 1.968900 3.746703 -1.762953
v 0.714535 2.217497 -3.381609
v -1.553944 4.651772 1.638267
v 1.361190 4.284976 -2.327116
v 1.495922 5.859034 0.770764
v -2.193221 3.335568 2.728728
v 1.198136 2.243892 2.180934
v 0.123198 3.545513 -2.671712
v -1.392155 1.025340 -2.892294
v -1.591045 4.609753 1.229737
v -2.005286 2.326992 -0.339538
v 0.052979 5.310411 1.903119
v 1.991269 1.540630 0.044990
v 0.401012 5.141256 -0.745440
v -1.966413 3.700835 -0.035575
v -1.857531 4.712623 3.250880
v 0.103362 0.403387 0.479435
v 1.915398 2.988580 1.270756
v 2.278826 4.280776 0.623067
v -0.744259 4.133107 3.759109
v -1.916138 0.661313 -2.004901
v -1.009630 3.747729 3.730676
v -2.526646 2.459000 1.458689
v -0.217240 5.399404 2.351542
v -1.340534 3.572680 3.753563
v -0.903703 1.108351 1.993807
v 0.492463 0.452357 -0.895667
v 0.513831 4.073091 2.548166
v -2.108490 3.449650 2.843912
v -0.618850 0.125765 0.117325
v 1.975141 5.976832 -0.220408
v -2.191478 3.642856 3.294464
v -0.328745 4.588303 3.488679
v -1.048272 0.525129 0.921409
v 1.785413 3.282642 -2.208772
v 2.425401 3.255491 -0.622824
v -0.927309 0.070053 -0.569047
v 2.186556 1.687328 0.497136
v -1.934541 1.661090 0.768506
v 0.359862 5.315878 1.638956
v 1.343785 3.723415 -2.527313
v 2.470214 3.707687 0.381697
v 1.266325 2.014668 -1.958766
v -0.987413 0.968476 1.887080
v -1.873447 4.154858 3.581564
v -1.987540 2.085218 0.641578
v -0.117033 0.897538 -3.764234
v 2.518418 2.930773 -0.145294
v 0.421242 2.468610 -3.345490
v -2.156525 1.477889 0.193197
v 2.186802 5.680819 -0.327496
v 0.731432 0.382698 -1.915399
v -0.398851 1.498068 2.401144
v 2.382258 2.944918 -0.232788
v 0.788155 4.919333 2.581394
v -0.026376 4.984694 -0.756210
v 1.067178 3.322542 -2.574870
v 0.349822 0.770653 -3.636133
v -1.460146 0.954468 1.259845
v 1.825943 4.765267 1.211946
v -2.086284 1.354348 -1.101022
v 1.339995 1.166426 -0.214162
v -1.713554 3.990032 -0.164784
v -2.642171 2.530262 3.197627
v 1.314458 3.964066 1.486857
v 0.774887 5.339449 -1.450985
v -2.609407 2.500183 1.909404
v -1.126994 4.365813 0.162883
v -2.151619 1.263983 0.623263
v 0.390768 2.653524 -3.093610
v -1.057434 0.548886 1.510054
v 1.160497 3.476361 1.862247
v 1.109139 5.171647 -1.589492
v -1.915554 0.472439 -1.377024
v -0.517925 0.433011 1.255068
v -1.876984 1.350593 1.975293
v 0.167313 4.446183 -2.196285
v 1.937642 5.675247 -1.166049
v -1.948354 0.401893 0.572402
v 1.828687 2.434758 -1.329443
v 0.117619 4.086927 -2.589249
v -1.954132 4.647473 2.912921
v 2.695059 3.175993 -0.110015
v -2.078743 0.816112 -1.657410
v -2.056821 4.571265 2.365973
v 2.181879 2.835124 0.041231
v -0.371657 2.200642 3.150589
v 2.025740 4.931022 0.748478
v 2.559658 3.534551 -0.030397
v 0.881719 5.603671 -1.172548
v -1.366726 0.133637 -2.160002
v 1.831403 3.910272 1.335120
v 2.243426 3.570471 0.874266
v -0.180533 4.506197 -1.529959
v 0.640514 0.642080 -0.836144
v 1.734830 3.379573 1.599169
v 1.144873 2.688417 -2.565347
v 0.622697 5.305217 -1.321821
v 2.288548 5.285060 0.456527
v 0.278529 3.268603 3.269597
v -1.894776 0.252093 -0.393615
v 1.738086 2.485650 -1.830535
v 1.040971 2.425769 -2.631059
v -2.551423 1.755261 2.293786
v 0.660147 0.381848 -2.623938
v -1.127584 3.409275 -1.861242
v -2.332513 1.726762 1.968439
v -1.304700 4.770351 1.527456
v -0.523450 5.122979 1.816942
v 2.247349 2.911948 0.928575
v -1.643669 4.353697 0.952691
v 2.055143 3.237753 -1.880691
v -1.954529 1.355251 -1.814083
v 0.210816 1.601974 -3.751197
v 1.547868 5.726491 -1.214286
v 0.514594 3.042150 3.238111
v 0.544908 1.882377 -3.700207
v -1.702395 3.306649 0.826364
v -1.674147 1.295124 0.971155
v 0.268469 2.683163 3.298497
v 0.654297 1.623819 -3.701854
v 0.171803 3.739609 -2.810426
v -2.605928 2.127147 1.649081
v 2.747263 4.422515 -1.306716
v -0.790142 0.317771 -3.107021
v -1.982896 3.319788 -0.861165
v -2.118927 3.571204 3.483319
v 0.086757 4.987834 3.095128
v 2.652008 3.307235 0.231239
v 0.970631 1.707883 -2.870867
v 1.721453 5.886613 0.831968
v -2.279287 3.565165 1.961871
v 0.457054 5.362617 2.188372
v -1.603022 0.510967 -2.478446
v 2.155511 3.342427 -1.466333
v -1.232504 2.336285 3.369516
v -2.279498 3.173133 1.843100
v 0.753869 4.354714 2.437264
v 2.169681 2.622596 -0.396049
v 2.702657 3.053186 0.046140
v -0.099841 1.688271 2.741082
v 2.253321 2.093364 0.674194
v 0.657681 4.737837 2.769327
v -0.022592 0.942499 1.398587
v 0.034863 0.060508 -2.554099
v -1.486863 0.716297 0.975015
v -0.151827 4.624465 3.202238
v 0.454302 5.201068 0.464429
v 0.189212 0.214960 -0.401480
v -1.049377 1.094577 2.081623
v 2.806840 3.874411 -0.812388
v 1.494677 2.466024 -2.563145
v 0.693281 2.604293 -3.115575
v 1.310986 4.041659 -2.446483
v -1.037376 4.966387 3.254586
v -1.917647 0.371640 -0.721753
v 1.487903 2.341618 -2.325031
v -0.468099 1.896751 -3.359806
v 0.464710 2.046060 2.929278
v 2.226578 2.474754 0.673905
v -0.359701 4.069246 3.481312
v 1.353982 2.386496 -1.669897
v 2.310888 4.467407 0.380364
v -0.906676 1.329292 -3.452803
v 2.128403 2.695976 0.777205
v 1.377243 1.626977 -1.347732
v -1.782669 1.328900 2.613805
v 2.476376 3.488639 0.360892
v -1.893987 2.016826 -0.937612
v -1.908891 2.505554 0.791829
v -1.813172 4.390144 1.739329
v 1.576203 6.139878 0.485536
v -1.662262 4.505661 1.514476
v -0.459133 5.370696 2.528824
v 0.534365 0.744037 -3.460599
v -0.935378 1.973691 -3.018521
v 2.009446 2.026863 -0.348206
v 0.736437 3.850787 -2.754297
v -0.316528 5.379705 2.126841
v 0.298388 5.001524 -1.126858
v 1.772187 2.281473 1.600652
v 1.021347 3.642828 2.524687
v 0.279051 0.185434 -1.132364
v -1.143688 0.529116 1.312511
v -0.304183 5.058043 1.299031
v 0.961303 3.292272 2.773688
v -0.072843 1.832326 -3.591382
v -1.209461 4.178887 3.844522
v 1.218641 1.156273 0.705471
v 1.873389 4.057118 -1.798399
v 1.650053 5.325289 1.371738
v -1.002487 3.230607 3.754126
v 2.323460 4.493091 -1.868401
v -1.715172 4.581171 3.648891
v -0.910082 0.804331 1.804627
v 2.167962 1.920832 0.081296
v 1.777624 5.595364 1.162311
v -2.001697 3.273777 0.199207
v 2.471731 4.712278 -0.277839
v -0.211949 0.669615 -3.607567
v -1.608428 4.827138 2.310489
v 1.012925 5.525158 0.852021
v -1.107613 4.500364 -0.774859
v -2.509105 2.881893 2.409462
v 1.320978 2.485033 -2.553930
v 1.218661 4.423476 1.801713
v -1.151578 4.441277 -0.361435
v 0.725590 5.535694 0.586899
v 0.951041 3.605639 -2.523286
v -2.479841 3.201406 2.155965
v -0.294156 5.235174 2.963904
v -1.442872 3.731576 3.781222
v -1.714524 3.237767 1.293954
v -0.824608 0.017769 -0.959921
v -1.162220 1.387325 -3.069307
v -0.118293 0.369385 0.734190
v 2.610426 4.142357 -1.750750
v -2.034139 0.479313 0.484180
v -0.232041 0.174308 0.203295
v 0.878185 2.487379 -3.019410
v -2.058224 1.051499 -1.825448
v -2.002477 0.557573 0.677796
v 0.986406 5.469899 -1.413222
v -2.128358 1.102805 -1.503321
v -1.122696 0.012176 -0.105305
v 0.869729 4.510295 -2.012819
v -1.342548 4.848653 1.103952
v -1.317239 0.800168 -2.958345
v 0.038919 0.007902 -1.522150
v -2.196735 3.893434 2.679914
v 2.536419 3.284814 -0.452452
v 1.215198 2.369844 -2.188689
v -1.128903 4.807455 3.628356
v -1.987275 2.328046 0.657645
v -2.273489 3.630494 2.461506
v 2.649860 3.570362 -1.018844
v 1.111454 2.156947 -2.456794
v 0.342986 3.579593 3.280850
v 2.137524 5.128135 -1.658846
v 1.916672 3.751460 1.289138
v 2.734261 4.151231 -0.855474
v 0.912027 4.599408 -1.811673
v 1.020430 2.914893 -2.586477
v 1.594602 3.598350 -2.351979
v 2.221491 2.681720 0.525938
v 2.204957 3.638379 1.187228
v -2.319602 3.132674 3.532713
v -2.073078 4.416073 2.084670
v -2.588991 1.943806 1.771015
v 2.231411 2.438261 0.200460
v 0.298443 5.248248 2.882158
v -2.141684 1.418341 -0.483198
v 1.965760 2.587097 1.325972
v -1.612723 4.825890 3.557203
v 0.464070 5.001256 -1.331466
v -2.547392 3.130020 3.181526
v 1.455381 2.008689 -1.444161
v -0.216164 4.445795 3.447827
v 2.154255 5.387405 -1.384268
v 2.273910 4.862504 0.182939
v -0.785511 1.195003 -3.527596
v -1.683311 0.658758 -2.453532
v 1.810654 3.331827 1.497472
v 2.398879 5.113569 0.143441
v 2.551684 4.032350 0.064585
v 1.050947 4.070344 -2.466146
v -2.783994 2.643872 2.950700
v -2.437184 2.360597 1.316674
v 2.320866 4.291884 0.324751
v 2.558107 5.119521 -0.178642
v 1.097512 4.433294 -2.265937
v 1.278334 3.001439 2.243942
v -2.394024 1.693476 2.656000
v 0.578530 0.845033 0.491212
v -2.100327 0.697781 -0.296589
v 2.200244 5.539122 0.061901
v 1.608551 4.082717 -2.193654
v -2.064185 2.175003 1.029927
v -1.266325 1.151613 2.559132
v 1.786849 5.208329 1.271535
v -1.215577 2.286057 -2.560544
v 2.014966 2.520195 -0.323982
v -1.506674 0.085836 -1.334671
v 1.193242 2.390339 2.284130
v -0.853139 1.379933 2.667919
v -1.755687 0.645122 0.854717
v -2.574445 2.929381 2.062669
v 0.809200 5.623324 -0.342631
v -2.249897 1.130762 0.496447
v 0.245689 1.166007 -3.839411
v 1.953009 3.115037 -2.147869
v -0.181875 0.635603 1.294477
v -0.639037 4.839085 3.068579
v -1.312325 1.119100 2.491534
v 1.670547 1.354498 -0.072113
v 0.733683 3.649158 2.933606
v 1.079779 2.602384 -2.559978
v 0.023942 0.001188 -1.854756
v 2.225179 2.723827 -0.645067
v 0.307794 0.112583 -2.548524
v 0.318375 3.705393 -2.888820
v -2.104645 3.135457 -0.024587
v -1.787227 1.267132 1.352208
v 0.400461 4.454641 -2.133940
v -0.669251 0.141643 -2.855170
v 1.577156 4.796660 -1.923683
v 0.763549 5.489623 -1.284046
v -1.830872 1.563498 1.144435
v -1.495189 0.127280 0.148859
v -1.841437 3.717717 3.667810
v -1.977149 0.345615 -0.064140
v -2.375636 1.735659 1.867957
v 0.894935 3.471485 -2.730335
v 0.465047 3.677003 3.194209
v 1.688979 4.587564 -2.007371
v -1.132198 0.129909 0.600450
v -2.810395 2.368785 2.860684
v -1.424961 4.729587 1.391073
v -1.698977 1.265087 2.413320
v -0.001968 4.327699 -2.092466
v 2.476896 2.793534 0.427435
v -1.636770 1.350076 2.126012
v 0.296447 4.419207 -1.637986
v 0.351926 0.501147 -0.155434
v -1.059301 4.629560 0.255953
v 0.355582 2.196347 -3.556873
v 0.216774 5.229081 1.215793
v 1.964880 4.183455 1.141209
v 0.535222 5.320030 -0.257392
v 1.593570 2.766928 1.972597
v -2.253345 1.228459 0.189098
v 1.752987 6.057618 0.277298
v -2.185861 1.343384 0.544364
v 1.463537 6.102012 0.154781
v -1.496325 1.079371 1.346400
v 1.629062 6.125329 0.232631
v -1.807091 3.869401 0.023966
v 0.602698 5.260723 2.500803
v -1.860099 1.653517 -1.438295
v -1.418701 1.119501 1.769453
v 0.457320 5.337215 2.451401
v -0.590032 4.627385 3.609731
v 1.572603 4.445037 1.400422
v -0.656021 0.306442 0.935516
v 0.454439 0.949758 -3.785900
v 2.311003 3.967799 -1.714118
v -1.843799 0.415971 0.688587
v -2.517802 2.143859 2.095195
v 0.249387 4.376314 -1.870976
v 0.048098 0.230378 0.019285
v 0.958466 5.000445 1.987500
v 2.116811 3.606699 1.356451
v 0.516570 0.217360 -2.436401
v -0.641502 0.337481 1.090870
v -1.483838 2.559351 3.513571
v -1.754330 3.381555 1.478468
v -2.450529 3.008857 2.773649
v -1.088761 0.136616 -2.559922
v 1.719516 5.926790 -0.563046
v 0.010542 5.199566 3.014668
v -2.048998 3.647053 -0.392352
v -1.301807 1.230818 -2.827177
v 0.910044 5.611107 0.691608
v 1.983158 2.006790 1.213828
v 2.161292 3.825443 -1.580108
v 1.095805 2.962971 2.601777
v 1.905074 4.031930 1.291766
v 1.616196 5.526548 1.303258
v 1.082039 3.680795 2.166966
v -0.336605 2.344521 -3.200536
v -1.826403 3.375119 0.276905
v -1.166674 3.515816 3.807548
v 1.841762 3.014129 -2.193145
v 0.973877 3.942949 2.057616
v -1.091293 3.979994 -1.461315
v 0.000240 4.291995 -1.947136
v 2.212959 2.781196 0.245687
v -0.238208 5.228913 1.661584
v -2.017213 0.593035 -1.231887
v 0.527083 1.541219 -3.799787
v -1.422398 4.377024 0.404871
v 0.229626 2.872632 3.301329
v 0.231418 0.331280 -0.022594
v 1.390480 2.377794 -2.465041
v -2.012893 1.753765 0.603126
v -1.208018 4.954900 3.440415
v -1.522138 0.704914 -2.723147
v 0.388701 4.699004 2.965427
v 2.058808 5.885700 -0.498220
v 2.688781 3.649530 -0.542499
v 0.163146 0.841453 1.005213
v 1.907320 3.911247 -1.722133
v 2.120300 3.220872 1.294961
v -0.549337 0.898246 1.850717
v 2.380454 3.314448 0.933831
v -0.764740 0.869238 1.930343
v -0.427856 0.654696 -3.569120
v 2.726421 3.969916 -0.445602
v -1.812131 4.618059 3.479479
v -0.520489 4.497553 3.645530
v 0.687979 4.994765 -1.550750
v 1.630350 2.419321 -2.224946
v 1.106939 3.097343 -2.574105
v -2.046452 3.311265 -0.707535
v 0.658160 2.822612 -2.954537
v 1.868692 2.201277 -0.513270
v -1.401390 1.235217 2.090781
v -1.315310 1.148090 1.887459
v -1.003639 1.586545 2.855556
v -0.550877 1.751970 2.862155
v -0.634502 1.583567 2.667159
v -0.744682 1.347717 2.520476
v -0.550193 2.441489 3.312891
v -2.165059 3.145556 1.748898
v -1.793990 3.062481 1.554074
v -1.669338 2.613329 1.175311
v -1.950811 2.836493 0.494174
v -1.720540 2.934184 0.609219
v -2.087067 2.623617 -0.542659
v -1.228753 4.077536 -0.388805
v -1.532953 3.422426 -1.288194
v 0.285404 4.682858 -1.385040
v 0.594992 5.094561 -1.405341
v 0.487889 4.396472 -2.307043
v 2.680440 4.373822 -0.613908
v 0.900212 3.920682 -2.447368
v 1.139113 2.424941 -2.401935
v 1.754223 3.808562 -2.206918
v 1.975559 2.986660 -2.015704
v 2.059802 2.497564 -0.849053
v 2.561572 3.431625 -0.722334
v 2.431262 3.954504 0.568112
v 2.607154 3.321709 0.491562
v 1.515401 2.924227 2.046843
v 1.278186 3.738363 1.606890
v 1.378496 3.407504 1.715086
v 1.604761 3.575503 1.576959
v 1.379265 3.825917 1.452478
v 0.949027 4.072372 1.902847
v -0.006095 4.549986 3.139107
v -1.445552 4.629819 1.952546
v -0.122843 3.952878 3.270967
v -0.815716 3.079037 3.630523
v -2.158868 4.188030 2.479773
v -2.465063 2.762864 2.512679
v -2.650261 2.023081 2.179842
v -2.214653 1.452736 1.751543
v 0.599455 0.990767 0.934553
v 0.234580 0.641754 0.313669
v 0.784833 0.840053 -0.137145
v -1.028734 0.059595 0.394405
v -2.201347 0.945382 -0.592267
v -2.677419 2.033856 3.033799
v 0.177308 4.972716 -0.989731
v 0.467542 5.177235 -1.012488
v 1.593161 5.376719 -1.499765
v 1.214652 5.453342 -1.415001
v 2.689159 4.886710 -0.683338
v 1.048976 4.940159 1.670915
v 0.546137 5.170984 1.267502
v -1.946186 3.805564 3.539951
v -0.064337 4.127571 3.203081
v 1.023862 5.939707 0.249564
v -0.684568 3.239427 -2.306087
v 0.286219 3.052781 -2.855151
v -1.345250 0.035388 -1.449285
v -0.639786 0.059971 -0.371778
v -1.964797 1.908068 -0.423269
v -1.982921 1.883545 0.461225
v 1.039603 2.049536 1.681924
v 1.629484 1.841963 1.331521
v -1.649444 2.692607 0.857844
v -1.720284 3.273280 0.553050
v -1.442820 4.073172 0.378158
v -0.534280 4.919358 0.072527
v -1.027226 4.695107 0.304713
v -1.284365 4.282026 0.236503
v -1.554287 3.674925 -1.005707
v -0.541077 4.041844 -1.779294
v 0.004692 4.023618 -2.190763
v 0.080290 3.506087 -2.552669
v 0.040516 4.018242 -2.578644
v -0.002206 2.858203 -2.848700
v -0.761172 2.412962 -2.888146
v -0.277691 2.720331 -2.968513
v -0.157007 2.275355 -3.350734
v -0.563453 1.052152 -3.562297
v -1.772025 1.656256 -1.850708
v -1.465156 1.473700 -2.469803
v -1.819433 1.790872 -0.910649
v -1.847328 2.237510 -1.513025
v -2.042074 2.851763 -0.909124
v -1.755697 2.621195 -1.608954
v -1.595572 2.984155 -1.567245
v 1.190077 1.015122 -0.850925
v 1.181911 1.616429 -2.096322
v 1.164934 1.282839 -1.818788
v 0.663461 0.836847 -3.298183
v 0.690259 1.862608 1.650384
v 0.239550 1.085474 1.274138
v 0.349929 1.675136 2.061208
v 0.158499 1.533290 1.705835
v -0.490249 1.367286 1.926113
v -2.193260 1.654740 2.854777
v 1.594207 3.799883 1.357018
v 2.104589 3.437982 1.153220
v 1.418510 2.327415 -1.482498
v 0.421621 5.197268 0.631944
v 2.707193 3.939748 -1.571117
v 2.537387 3.636344 -1.273557
v 0.897435 0.656598 -1.288334
v -0.752011 4.894852 1.242247
v -0.420781 4.880692 1.042681
v -0.573777 4.921210 0.606292
vn 0.8817 0.0566 0.4684
vn 0.7435 0.1619 0.6488
vn 0.8605 0.1553 0.4852
vn -0.1550 0.5271 0.8355
vn 0.1886 0.8530 0.4867
vn 0.2563 0.4396 0.8608
vn 0.5228 -0.8435 0.1231
vn 0.4467 -0.8918 0.0723
vn 0.5220 -0.8395 -0.1509
vn -0.0621 -0.9973 -0.0390
vn 0.0826 -0.9589 -0.2713
vn 0.1648 -0.9858 -0.0326
vn 0.0190 -0.8252 -0.5646
vn 0.2314 -0.7901 -0.5676
vn 0.2099 -0.8366 -0.5059
vn 0.9106 0.0846 0.4045
vn 0.9240 0.1066 0.3674
vn 0.9016 0.0825 -0.4246
vn 0.9395 -0.0231 -0.3417
vn 0.9492 -0.1019 -0.2976
vn 0.2867 0.5384 0.7924
vn 0.0168 0.4742 0.8803
vn 0.1280 0.1184 0.9847
vn 0.9273 0.1961 0.3189
vn 0.8556 0.3291 0.3996
vn 0.8403 0.3999 0.3660
vn 0.7230 -0.0829 0.6858
vn 0.6984 -0.3254 0.6374
vn 0.7937 -0.0705 0.6041
vn 0.5008 -0.2683 0.8229
vn -0.5815 -0.2403 -0.7772
vn -0.2993 -0.4840 -0.8223
vn -0.4451 -0.6668 -0.5976
vn -0.1792 0.2033 -0.9626
vn -0.1036 0.2140 -0.9713
vn -0.2159 0.3427 -0.9143
vn -0.6679 -0.6185 -0.4140
vn -0.7275 -0.1894 -0.6595
vn -0.8424 -0.3016 -0.4465
vn -0.3471 0.9114 -0.2210
vn -0.5219 0.8053 -0.2814
vn -0.5926 0.7998 -0.0963
vn -0.9803 0.1930 0.0426
vn -0.9977 0.0057 0.0674
vn -0.9309 0.1338 0.3398
vn 0.6439 0.4914 0.5864
vn 0.7712 0.5147 0.3747
vn -0.8168 0.5731 0.0662
vn -0.7902 0.6117 -0.0381
vn -0.7391 0.6736 -0.0086
vn 0.6313 0.7452 0.2147
vn 0.7795 0.5866 0.2197
vn 0.7202 0.6857 0.1054
vn -0.0858 -0.1045 0.9908
vn -0.4176 0.0897 0.9042
vn -0.5427 0.1187 0.8315
vn -0.4465 -0.8943 -0.0295
vn -0.1893 -0.9464 0.2616
vn -0.3962 -0.8035 0.4443
vn 0.8400 0.3062 0.4479
vn 0.3828 0.7875 0.4829
vn -0.3948 0.8671 -0.3038
vn -0.3979 0.8950 -0.2018
vn -0.1929 0.9011 -0.3883
vn -0.0972 0.4786 -0.8726
vn 0.1621 0.5722 -0.8039
vn 0.3174 0.3072 -0.8971
vn -0.8235 -0.0815 0.5614
vn -0.6879 0.0263 0.7253
vn -0.7534 -0.2691 0.5999
vn -0.3528 -0.9352 0.0302
vn -0.1695 -0.9853 0.0194
vn -0.0745 -0.9971 0.0145
vn -0.5278 -0.5862 0.6146
vn -0.3619 -0.6042 0.7099
vn -0.2545 -0.7899 0.5580
vn -0.0302 -0.4982 0.8665
vn -0.5724 -0.5235 0.6311
vn -0.4017 -0.7301 0.5528
vn -0.8144 0.2678 -0.5149
vn -0.7064 0.3660 -0.6059
vn -0.8113 0.2183 -0.5424
vn 0.8948 0.0591 0.4425
vn 0.9597 0.1484 0.2388
vn 0.7925 -0.1098 0.5999
vn 0.1739 0.8554 0.4879
vn 0.5039 0.6453 0.5741
vn -0.1473 0.9786 0.1439
vn -0.0999 0.9424 -0.3191
vn 0.1579 0.9868 -0.0354
vn 0.8296 0.4303 -0.3559
vn 0.6991 0.3760 -0.6082
vn 0.6305 0.4982 -0.5952
vn -0.5702 -0.5112 -0.6431
vn -0.5181 -0.3780 -0.7673
vn -0.4971 -0.6865 -0.5306
vn -0.8012 -0.5908 -0.0948
vn -0.5040 -0.8614 -0.0625
vn -0.4824 -0.8734 -0.0672
vn 0.7974 0.2240 0.5604
vn 0.9001 0.3252 0.2901
vn 0.7558 0.5541 0.3490
vn -0.2925 0.9275 -0.2327
vn -0.4970 0.8055 -0.3229
vn -0.5942 0.7566 -0.2728
vn -0.6939 -0.7025 -0.1580
vn -0.4302 -0.9005 -0.0637
vn -0.5122 -0.8317 0.2143
vn 0.6445 -0.7618 0.0658
vn 0.6407 -0.7244 0.2545
vn 0.5644 -0.8148 0.1326
vn -0.8153 -0.4583 -0.3538
vn -0.8779 0.3764 -0.2959
vn -0.8805 0.2131 -0.4234
vn 0.0497 -0.2475 -0.9676
vn 0.0639 -0.5441 -0.8366
vn 0.4335 0.1935 -0.8801
vn -0.8961 0.4244 -0.1299
vn -0.8691 0.3973 -0.2945
vn -0.9766 0.1501 -0.1540
vn -0.8048 0.3073 -0.5078
vn -0.9187 0.0673 -0.3891
vn 0.9512 -0.0577 -0.3032
vn 0.8054 -0.1878 -0.5622
vn 0.9877 0.0162 -0.1555
vn -0.4423 -0.2415 0.8638
vn 0.2014 0.0684 -0.9771
vn 0.4059 0.1995 -0.8919
vn 0.6345 0.1605 -0.7561
vn -0.3648 0.7389 -0.5665
vn -0.6930 0.7154 -0.0897
vn -0.6383 0.7143 -0.2870
vn 0.8282 -0.3420 -0.4439
vn 0.7551 -0.4387 -0.4872
vn 0.7111 -0.6454 -0.2791
vn 0.6021 -0.1452 0.7851
vn 0.4212 -0.1657 0.8917
vn 0.5309 -0.1508 0.8339
vn -0.0790 -0.2576 -0.9630
vn 0.2448 -0.0079 -0.9695
vn 0.0198 -0.1044 -0.9943
vn 0.4893 -0.8481 -0.2032
vn 0.2548 -0.9521 -0.1689
vn 0.2811 -0.9571 -0.0707
vn 0.2599 -0.8527 0.4532
vn 0.2208 -0.7245 0.6530
vn 0.7262 -0.6357 0.2619
vn 0.7784 -0.5819 0.2354
vn 0.8982 -0.3725 0.2336
vn -0.8506 0.4635 0.2484
vn -0.9187 0.3624 0.1573
vn -0.9599 0.2011 0.1956
vn -0.6678 0.1361 -0.7318
vn -0.8862 0.2672 -0.3784
vn -0.7630 0.0092 -0.6464
vn -0.2992 0.3163 -0.9003
vn -0.4226 0.4730 -0.7731
vn -0.1410 0.4917 -0.8593
vn 0.8146 -0.0142 0.5798
vn -0.7222 0.6916 -0.0105
vn -0.4729 0.8777 0.0776
vn -0.6050 0.7899 0.1001
vn -0.1005 0.9936 -0.0506
vn -0.1645 0.9845 0.0601
vn -0.2729 0.9546 -0.1197
vn 0.6774 -0.0908 0.7300
vn 0.5900 -0.5577 0.5839
vn -0.1758 -0.2347 0.9560
vn 0.0871 -0.3490 0.9331
vn -0.0403 0.0068 0.9992
vn 0.3504 -0.0994 0.9313
vn 0.2337 -0.0502 0.9710
vn -0.6738 0.7387 -0.0152
vn -0.8557 0.5141 -0.0583
vn -0.6931 0.4155 0.5890
vn -0.1078 -0.5220 0.8461
vn -0.0600 -0.4424 0.8948
vn 0.7562 0.6399 0.1366
vn 0.7361 0.0547 -0.6746
vn -0.4974 0.7933 -0.3511
vn -0.6090 0.7105 -0.3526
vn -0.6872 0.5890 -0.4253
vn -0.1841 0.2687 -0.9455
vn 0.2761 0.3580 -0.8920
vn 0.1886 0.1761 -0.9661
vn -0.0047 -0.6948 -0.7192
vn 0.3768 -0.1355 -0.9163
vn 0.1140 -0.5415 -0.8330
vn 0.9649 0.2472 -0.0889
vn -0.8085 -0.0628 0.5852
vn -0.4876 -0.1902 0.8521
vn -0.8504 0.1844 0.4927
vn -0.0648 0.9828 -0.1727
vn 0.0221 0.9991 0.0349
vn 0.2081 0.9761 -0.0621
vn -0.4612 0.8034 0.3767
vn 0.0687 0.8922 0.4463
vn 0.0669 -0.9960 0.0599
vn -0.0163 -0.9982 0.0582
vn -0.5407 -0.8149 -0.2086
vn -0.7624 -0.6303 -0.1467
vn 0.5991 -0.7927 -0.1130
vn 0.6527 -0.7321 -0.1947
vn 0.2567 -0.9529 -0.1614
vn 0.9957 -0.0602 -0.0709
vn 0.9855 0.0592 -0.1590
vn 0.9132 -0.4042 0.0514
vn -0.9708 0.0698 -0.2295
vn -0.9965 0.0402 -0.0735
vn -0.9905 -0.0282 -0.1345
vn 0.9738 -0.2079 -0.0920
vn 0.9230 -0.3817 0.0487
vn 0.7153 -0.6604 -0.2284
vn 0.4317 -0.8538 -0.2911
vn 0.5897 -0.8074 0.0203
vn -0.2474 0.9243 -0.2905
vn -0.9433 0.1409 0.3004
vn -0.7913 0.1467 0.5936
vn 0.4099 -0.8496 0.3318
vn 0.6292 -0.6209 0.4675
vn -0.0043 -1.0000 0.0084
vn -0.2460 0.9589 -0.1412
vn -0.1886 0.9418 -0.2784
vn -0.0236 0.6853 0.7279
vn -0.2571 0.7590 0.5981
vn -0.3616 0.7379 0.5699
vn 0.5895 -0.7548 -0.2878
vn 0.6904 -0.0128 0.7233
vn 0.6163 0.3323 0.7140
vn 0.5336 -0.0528 0.8441
vn 0.7196 -0.6267 0.2990
vn 0.8045 -0.5722 0.1592
vn 0.1556 -0.9514 0.2659
vn 0.2304 -0.9510 0.2064
vn -0.1076 0.6544 -0.7484
vn 0.3679 0.6134 -0.6989
vn 0.2307 0.2783 -0.9324
vn -0.0915 0.2225 -0.9706
vn -0.4938 0.0195 -0.8693
vn 0.9443 0.3090 -0.1128
vn 0.9459 -0.0110 -0.3243
vn 0.9723 0.2336 0.0014
vn -0.5497 -0.7150 0.4320
vn -0.7629 -0.4076 0.5018
vn -0.5114 -0.8490 0.1327
vn -0.3648 -0.8019 0.4732
vn -0.2359 -0.9386 0.2516
vn 0.8268 0.5237 -0.2053
vn 0.6118 0.6457 -0.4569
vn 0.6917 0.6993 -0.1803
vn 0.7937 0.1382 0.5924
vn -0.5987 0.8008 -0.0178
vn -0.5154 0.8453 0.1404
vn -0.1847 0.9825 -0.0247
vn -0.4164 0.3158 0.8526
vn -0.9655 -0.2544 0.0562
vn -0.8441 -0.4816 -0.2356
vn 0.7623 0.4925 -0.4200
vn 0.8335 0.3859 -0.3954
vn 0.9354 -0.0269 -0.3526
vn 0.7553 -0.4656 0.4612
vn 0.4338 -0.7100 0.5547
vn 0.8405 -0.5323 0.1009
vn -0.8669 0.4950 0.0584
vn -0.9954 -0.0454 -0.0842
vn -0.3201 0.8365 -0.4448
vn -0.0764 0.9031 -0.4226
vn -0.0896 0.6487 -0.7558
vn -0.2237 0.6581 -0.7190
vn 0.6675 -0.4665 0.5803
vn 0.7220 -0.2922 0.6272
vn 0.8015 -0.0255 0.5975
vn 0.8996 0.0030 0.4367
vn 0.9044 0.1909 0.3817
vn 0.4736 -0.7970 -0.3748
vn 0.5949 -0.7992 -0.0861
vn 0.4468 -0.8939 0.0357
vn 0.3472 -0.9096 -0.2283
vn 0.5855 0.0005 -0.8107
vn 0.4923 -0.0239 -0.8701
vn -0.6297 -0.6023 -0.4907
vn -0.5267 -0.8160 0.2381
vn 0.8986 -0.1238 0.4210
vn 0.8163 0.5724 0.0774
vn 0.9557 0.0881 0.2809
vn 0.0565 -0.3850 -0.9212
vn -0.3525 0.3315 -0.8751
vn -0.0232 -0.8676 0.4967
vn -0.9105 0.3622 -0.1996
vn -0.5378 0.5516 -0.6376
vn -0.9162 0.2874 0.2793
vn -0.8759 0.4820 0.0229
vn -0.3047 0.9359 -0.1765
vn -0.0887 0.8285 -0.5529
vn -0.2717 0.8424 -0.4653
vn 0.9223 0.3715 0.1062
vn 0.4006 0.7919 -0.4608
vn -0.0663 0.8500 -0.5227
vn 0.2519 0.9271 -0.2777
vn 0.8576 -0.4803 -0.1839
vn -0.8451 0.3103 -0.4353
vn -0.8640 0.4990 -0.0678
vn -0.9861 0.1464 -0.0781
vn -0.9641 0.2641 -0.0297
vn -0.9385 0.3192 -0.1314
vn -0.8919 0.4521 -0.0102
vn -0.9028 -0.3721 0.2157
vn -0.7399 -0.5307 0.4135
vn -0.9520 0.1643 0.2583
vn -0.7261 0.3372 0.5992
vn -0.8353 0.4345 0.3368
vn -0.5244 0.7380 -0.4246
vn -0.6503 0.5671 -0.5055
vn -0.6631 0.7312 -0.1601
vn -0.7577 0.1973 -0.6220
vn -0.9639 -0.0431 0.2628
vn 0.5927 -0.6402 -0.4887
vn 0.7455 -0.4640 -0.4785
vn 0.7566 -0.3801 -0.5321
vn 0.8073 -0.3926 -0.4406
vn -0.5381 -0.8326 0.1312
vn -0.2784 -0.9460 0.1660
vn -0.8416 -0.5152 0.1623
vn -0.9459 -0.3160 0.0735
vn -0.8577 -0.5141 -0.0051
vn 0.2421 0.9521 0.1867
vn 0.3912 0.6818 0.6182
vn 0.0960 0.5569 0.8250
vn 0.2353 0.2907 0.9274
vn 0.3987 -0.0620 -0.9150
vn 0.4486 -0.4960 -0.7435
vn -0.9125 0.3083 0.2689
vn 0.9211 0.1360 0.3647
vn 0.8921 0.2693 0.3629
vn 0.6998 0.4726 0.5356
vn 0.9546 -0.2858 -0.0837
vn 0.7374 -0.6724 0.0640
vn -0.8647 0.3576 0.3528
vn -0.9199 0.3714 -0.1260
vn -0.9659 0.1286 -0.2248
vn -0.9989 0.0009 0.0471
vn 0.7998 -0.2256 0.5562
vn 0.9397 -0.0067 0.3420
vn 0.7619 0.0769 -0.6431
vn 0.6621 0.3697 -0.6519
vn 0.2623 0.5621 -0.7844
vn 0.3725 0.6236 -0.6873
vn 0.7156 -0.6432 -0.2725
vn 0.9091 -0.2782 -0.3101
vn -0.4511 0.8899 0.0680
vn -0.5449 0.7089 -0.4479
vn -0.8160 0.5706 -0.0922
vn -0.3979 -0.9174 -0.0117
vn -0.4425 -0.8450 -0.3003
vn -0.7172 -0.6940 0.0637
vn -0.4976 -0.8298 0.2525
vn 0.5021 -0.8540 0.1362
vn 0.1743 -0.9789 0.1067
vn 0.3025 -0.9476 0.1032
vn 0.8489 -0.4410 -0.2914
vn -0.2858 0.4205 -0.8611
vn -0.4263 0.4685 -0.7738
vn -0.7127 -0.1664 -0.6815
vn -0.6003 -0.5970 -0.5322
vn 0.5388 -0.0804 0.8386
vn 0.5552 -0.6114 0.5639
vn 0.4408 -0.4032 0.8020
vn 0.5577 -0.4419 0.7027
vn -0.1264 0.0801 0.9887
vn 0.3246 -0.6231 0.7116
vn 0.4383 -0.8515 0.2878
vn 0.5948 -0.6646 0.4522
vn -0.8575 -0.0929 -0.5061
vn -0.7286 -0.5216 -0.4440
vn -0.8416 -0.4351 -0.3200
vn 0.5893 0.4477 0.6726
vn 0.7771 0.0703 0.6254
vn -0.7508 0.3898 -0.5333
vn -0.9238 0.2776 -0.2636
vn -0.0771 0.1899 -0.9788
vn 0.2879 0.1487 -0.9461
vn 0.3380 0.2859 -0.8967
vn 0.7187 0.1972 -0.6667
vn 0.8707 0.4914 -0.0197
vn 0.9105 0.3999 0.1053
vn -0.1236 0.0853 -0.9887
vn -0.2544 -0.9060 -0.3384
vn -0.0091 -0.8776 -0.4793
vn -0.4349 0.7659 0.4735
vn -0.8384 0.3490 0.4188
vn 0.0551 0.0131 0.9984
vn 0.2502 -0.0053 0.9682
vn 0.0540 0.0561 0.9970
vn 0.4279 -0.8593 0.2803
vn 0.5648 0.8230 0.0600
vn 0.2829 -0.0120 0.9591
vn 0.7826 -0.5211 0.3406
vn 0.7361 -0.5301 0.4209
vn 0.6074 -0.6284 0.4859
vn 0.8988 -0.0398 0.4366
vn 0.9731 -0.0852 0.2141
vn 0.5947 0.2815 -0.7530
vn 0.6562 0.0625 -0.7520
vn 0.3212 0.2624 -0.9099
vn 0.4828 0.5675 -0.6670
vn -0.6352 0.4032 -0.6587
vn 0.8004 -0.3951 0.4508
vn -0.1026 0.9788 -0.1774
vn -0.1899 0.4247 -0.8852
vn -0.6686 0.1878 -0.7195
vn -0.8510 0.0808 -0.5190
vn -0.7992 0.5933 -0.0960
vn -0.7968 0.4845 -0.3610
vn -0.7267 0.2148 -0.6525
vn -0.7563 -0.2384 -0.6093
vn -0.0896 0.1853 -0.9786
vn 0.7017 -0.1617 0.6938
vn 0.6779 0.0282 0.7346
vn 0.8425 0.1463 0.5185
vn 0.7996 -0.2799 -0.5312
vn 0.9273 -0.1296 -0.3512
vn -0.9327 0.3448 0.1059
vn 0.7072 -0.3967 0.5852
vn -0.9272 -0.3451 -0.1456
vn -0.8983 -0.4292 0.0941
vn 0.5461 0.0177 0.8376
vn 0.7122 -0.1682 0.6815
vn 0.6096 0.0161 0.7925
vn 0.3166 -0.0847 0.9448
vn 0.7491 -0.5089 -0.4240
vn 0.3737 -0.5550 -0.7432
vn -0.1039 -0.8886 -0.4468
vn 0.6132 0.1571 0.7742
vn 0.3684 -0.0345 0.9290
vn -0.7767 0.2283 -0.5870
vn -0.5181 0.0519 0.8537
vn -0.3267 0.0685 0.9426
vn -0.6162 0.4057 0.6751
vn 0.8170 0.3185 -0.4807
vn 0.8772 0.0899 -0.4717
vn 0.9881 0.1158 0.1013
vn 0.9535 0.2031 0.2226
vn 0.9222 0.2383 0.3046
vn 0.8854 0.3967 0.2424
vn -0.2141 0.0092 0.9768
vn -0.5828 0.2893 -0.7593
vn -0.8349 0.1912 -0.5162
vn -0.3664 0.4246 -0.8279
vn 0.9339 0.1336 0.3317
vn -0.7251 0.6069 -0.3255
vn -0.9784 0.2055 -0.0216
vn 0.5614 -0.4344 0.7044
vn -0.7090 0.5376 -0.4564
vn 0.7256 0.0131 -0.6880
vn 0.7179 -0.0214 -0.6958
vn 0.8552 -0.3465 -0.3854
vn -0.0489 0.7206 -0.6916
vn -0.0291 0.6440 -0.7645
vn 0.9063 -0.3429 -0.2470
vn 0.9348 -0.1396 -0.3267
vn 0.9418 0.1300 -0.3099
vn 0.9855 0.0527 0.1611
vn 0.1847 0.9824 -0.0265
vn -0.1064 0.9831 0.1487
vn 0.5230 -0.2109 -0.8258
vn 0.6105 0.2424 0.7540
vn -0.3620 -0.8238 -0.4362
vn 0.1431 -0.9741 0.1749
vn 0.7719 -0.0177 0.6355
vn 0.7623 0.3266 0.5588
vn 0.6814 -0.3504 0.6426
vn 0.6778 -0.7229 -0.1339
vn 0.6769 -0.7239 -0.1333
vn 0.9110 -0.4112 -0.0324
vn -0.9607 0.2740 0.0446
vn -0.9852 -0.1089 0.1325
vn 0.8800 -0.4541 -0.1393
vn 0.9758 -0.0704 -0.2068
vn -0.2585 0.9404 0.2211
vn -0.3581 0.9336 0.0093
vn 0.8869 0.0513 0.4592
vn -0.6306 0.4711 -0.6168
vn -0.5924 0.4677 -0.6560
vn 0.8196 -0.1471 -0.5538
vn 0.7478 0.6203 0.2367
vn 0.8525 0.4473 0.2703
vn 0.9013 -0.1229 0.4154
vn 0.5618 0.7499 0.3493
vn 0.2332 -0.9694 0.0763
vn 0.7020 0.1826 -0.6884
vn -0.7103 -0.7010 -0.0635
vn 0.5866 0.6722 0.4517
vn 0.8002 0.4526 0.3934
vn 0.7891 0.4906 0.3696
vn 0.7039 0.4204 0.5725
vn -0.2366 -0.9686 0.0765
vn -0.0961 -0.9693 0.2264
vn 0.2460 -0.9090 0.3365
vn -0.9439 0.1637 0.2869
vn -0.9936 -0.0926 0.0648
vn -0.7750 0.5905 0.2250
vn 0.5968 0.2032 -0.7762
vn 0.6205 0.0739 -0.7807
vn -0.2493 0.9249 -0.2869
vn -0.5563 0.8310 -0.0036
vn -0.6756 0.6852 0.2722
vn 0.9564 -0.2376 0.1697
vn 0.8925 -0.4281 0.1421
vn 0.9652 -0.0744 0.2507
vn 0.9401 0.2631 0.2170
vn 0.6023 -0.6804 -0.4176
vn 0.6415 0.3460 -0.6847
vn -0.7966 0.5880 -0.1403
vn -0.5981 0.7983 0.0709
vn 0.0867 0.4820 -0.8719
vn -0.1036 0.3964 -0.9122
vn 0.1452 0.9846 0.0969
vn -0.0859 0.9398 0.3307
vn -0.9047 0.4237 0.0448
vn 0.4453 -0.8705 0.2099
vn -0.3504 0.9096 -0.2233
vn -0.0358 0.9892 -0.1419
vn 0.0997 0.9816 -0.1629
vn -0.5834 0.7266 -0.3630
vn -0.3804 0.9112 -0.1583
vn -0.6608 0.7463 -0.0795
vn -0.7257 0.3531 0.5906
vn 0.4087 -0.8869 0.2156
vn 0.5912 -0.1083 0.7992
vn 0.4582 0.1496 0.8762
vn -0.9364 -0.2989 -0.1838
vn -0.9838 -0.1579 -0.0847
vn -0.3639 0.9303 0.0465
vn -0.1333 0.0721 0.9884
vn 0.2899 -0.7625 0.5784
vn -0.3781 -0.7360 0.5616
vn 0.5773 -0.7842 0.2274
vn -0.9768 0.1552 0.1479
vn 0.9481 -0.0288 -0.3168
vn -0.2546 -0.1977 -0.9466
vn -0.3464 0.1727 -0.9221
vn -0.9656 0.2599 0.0081
vn -0.9971 0.0407 -0.0646
vn -0.9895 0.1075 -0.0969
vn 0.8616 -0.4914 -0.1269
vn 0.6282 -0.6315 -0.4545
vn -0.7735 -0.6220 -0.1217
vn 0.7774 -0.2313 0.5849
vn -0.8393 -0.5353 0.0950
vn -0.9053 0.4155 -0.0881
vn 0.5761 -0.8171 0.0185
vn 0.6137 -0.7872 0.0604
vn -0.5133 0.8374 -0.1877
vn -0.7176 0.6211 0.3151
vn -0.9263 -0.1427 -0.3486
vn -0.7938 -0.6001 0.0989
vn -0.9592 -0.0385 0.2801
vn -0.7438 -0.3457 0.5721
vn -0.8842 -0.4608 -0.0769
vn 0.0025 -0.9486 0.3165
vn -0.6530 -0.6172 0.4389
vn -0.7087 0.5587 -0.4309
vn -0.2954 0.6065 -0.7382
vn -0.9205 0.3884 -0.0435
vn 0.2330 0.6852 -0.6901
vn -0.5795 -0.7363 0.3492
vn 0.5870 -0.7947 -0.1548
vn 0.9848 0.0193 0.1727
vn 0.9490 -0.0987 0.2994
vn -0.1258 0.6953 -0.7077
vn 0.7905 0.2635 0.5528
vn -0.3390 0.7091 -0.6183
vn 0.4730 -0.1343 0.8708
vn 0.6364 -0.2886 0.7153
vn 0.6123 -0.0080 0.7906
vn 0.6926 -0.0705 -0.7179
vn 0.1863 0.1012 0.9773
vn 0.7668 0.2222 -0.6022
vn 0.7366 -0.6243 -0.2601
vn -0.5371 0.3169 -0.7818
vn -0.6234 0.5130 -0.5901
vn 0.8076 -0.2434 0.5372
vn 0.7002 -0.6183 0.3570
vn -0.8491 0.1636 -0.5022
vn -0.1505 0.4765 -0.8662
vn 0.1942 -0.2069 0.9589
vn -0.9126 -0.0917 -0.3984
vn -0.6425 0.1711 -0.7469
vn -0.9957 0.0846 -0.0374
vn -0.8409 0.2986 -0.4513
vn 0.1546 -0.6662 -0.7296
vn 0.1792 -0.7159 -0.6748
vn 0.5350 -0.1551 -0.8305
vn 0.4243 0.0487 0.9042
vn 0.4496 0.7863 0.4237
vn -0.7206 0.3557 -0.5952
vn 0.5956 -0.5623 0.5736
vn 0.2304 -0.8439 0.4846
vn 0.3458 -0.8883 0.3021
vn 0.7097 -0.6695 0.2194
vn -0.2753 -0.5467 -0.7908
vn 0.6837 0.0468 0.7283
vn -0.2445 -0.0274 -0.9693
vn -0.3639 -0.8595 0.3589
vn -0.0069 -0.7405 0.6720
vn -0.5875 0.8080 0.0459
vn 0.3814 -0.8919 0.2431
vn 0.4545 0.2568 0.8529
vn 0.9608 0.0126 0.2771
vn -0.4718 0.7502 0.4632
vn -0.4257 0.7409 0.5195
vn -0.2985 0.8583 0.4173
vn 0.1850 0.6094 -0.7710
vn 0.4880 0.3062 0.8174
vn 0.6177 0.3756 0.6909
vn 0.8185 -0.5007 -0.2819
vn -0.7609 0.5112 -0.3997
vn 0.9085 -0.1396 -0.3940
vn 0.3902 -0.8199 0.4190
vn 0.4991 -0.7793 0.3788
vn -0.9170 -0.3944 -0.0595
vn 0.3609 -0.6527 0.6661
vn 0.4774 0.4336 0.7642
vn -0.7628 0.4690 -0.4451
vn -0.1371 -0.9142 0.3813
vn -0.8923 0.2908 -0.3454
vn 0.0887 -0.5134 0.8536
vn -0.1378 0.6158 0.7757
vn -0.3644 0.4839 -0.7957
vn -0.7647 0.2554 0.5917
vn -0.5779 0.4942 -0.6495
vn -0.7469 0.5949 -0.2971
vn 0.7896 0.2843 0.5439
vn 0.5258 0.2979 -0.7967
vn 0.8495 -0.1404 -0.5086
vn 0.7354 -0.6248 -0.2622
vn -0.3341 -0.9236 0.1880
vn -0.3025 -0.9137 0.2713
vn 0.1746 -0.5928 0.7862
vn 0.1458 -0.5298 0.8355
vn 0.1576 -0.6710 0.7245
vn 0.3324 -0.7121 0.6184
vn 0.4974 -0.7774 0.3850
vn 0.1765 -0.3146 0.9327
vn -0.4966 0.2978 -0.8153
vn -0.6941 0.2288 -0.6826
vn -0.7861 0.5327 -0.3134
vn -0.7516 0.3162 0.5789
vn -0.7430 0.3105 0.5929
vn -0.9879 -0.1384 -0.0704
vn -0.9856 -0.1684 -0.0152
vn -0.9584 -0.2442 -0.1480
vn -0.8157 0.5736 -0.0747
vn -0.6703 0.6666 -0.3260
vn -0.6879 0.4794 -0.5449
vn -0.5936 0.5025 -0.6285
vn -0.7230 0.4100 -0.5561
vn -0.0564 0.8530 -0.5188
vn 0.9727 0.1087 0.2050
vn 0.2533 0.4361 -0.8635
vn 0.3353 -0.6238 -0.7060
vn 0.7529 0.1631 -0.6376
vn 0.9084 -0.3251 -0.2628
vn 0.7595 -0.6372 -0.1310
vn 0.8747 -0.4828 -0.0421
vn 0.8939 0.1501 0.4224
vn 0.9068 0.0911 0.4115
vn 0.7303 0.3991 0.5544
vn 0.6530 0.3358 0.6788
vn 0.5025 0.3347 0.7972
vn 0.3716 0.5152 0.7723
vn 0.5168 0.4004 0.7567
vn 0.7829 -0.1038 0.6134
vn 0.6289 0.0335 0.7768
vn -0.1667 0.9838 -0.0666
vn 0.4036 0.0597 0.9130
vn 0.4859 -0.1728 0.8567
vn -0.9557 0.2431 0.1661
vn -0.9464 0.2962 -0.1288
vn -0.9281 0.0143 -0.3721
vn -0.6987 -0.7059 0.1159
vn 0.3057 -0.6538 0.6922
vn 0.2902 -0.8607 0.4183
vn 0.6305 -0.7263 0.2738
vn 0.4306 -0.8898 0.1514
vn 0.0611 -0.9785 0.1968
vn -0.9606 -0.2728 -0.0529
vn -0.6005 -0.5111 0.6150
vn -0.4036 0.7730 -0.4895
vn -0.7409 0.6253 -0.2452
vn -0.0241 0.6168 -0.7868
vn -0.1041 0.6620 -0.7423
vn 0.9782 0.2033 0.0416
vn 0.4344 0.7126 0.5510
vn 0.2658 0.9633 -0.0370
vn -0.8687 0.2729 0.4135
vn 0.6531 0.1657 0.7390
vn -0.6026 0.7970 0.0412
vn -0.4144 0.5508 -0.7245
vn -0.6313 0.1004 -0.7690
vn -0.1826 -0.9820 -0.0483
vn 0.0744 -0.9953 0.0616
vn -0.9888 -0.1132 -0.0970
vn -0.9961 0.0874 -0.0089
vn 0.3859 -0.8588 0.3371
vn 0.3818 -0.6199 0.6855
vn -0.9034 0.2923 0.3137
vn -0.9403 0.1545 0.3031
vn -0.9383 0.3457 -0.0045
vn -0.3247 0.9444 -0.0515
vn -0.3517 0.9350 -0.0448
vn -0.4101 0.8415 -0.3516
vn -0.7103 0.5664 -0.4179
vn -0.8549 0.4983 -0.1443
vn -0.4760 0.5472 -0.6885
vn -0.8296 0.3009 -0.4704
vn -0.6637 0.2778 -0.6945
vn -0.9124 0.1438 -0.3831
vn -0.2308 0.5468 -0.8048
vn -0.5079 0.5041 -0.6985
vn -0.2978 0.6184 -0.7272
vn -0.3131 0.5484 -0.7754
vn -0.3589 -0.0270 -0.9330
vn -0.8815 0.3135 -0.3531
vn -0.9583 0.2661 -0.1042
vn -0.8077 0.2853 -0.5159
vn -0.9893 0.0458 -0.1383
vn -0.9663 -0.0352 -0.2550
vn -0.9507 0.0690 -0.3024
vn -0.8407 0.2318 -0.4894
vn -0.7103 0.4112 -0.5713
vn 0.7058 -0.6929 -0.1478
vn 0.7487 -0.6629 0.0030
vn 0.9455 -0.1690 -0.2785
vn 0.9272 -0.3405 -0.1560
vn 0.8961 -0.3212 -0.3065
vn 0.3770 -0.6922 0.6154
vn 0.4251 -0.6589 0.6206
vn 0.4381 -0.8892 0.1322
vn 0.4751 -0.7487 0.4623
vn 0.4448 -0.5823 0.6806
vn -0.3067 -0.7520 0.5835
vn 0.3175 0.2909 0.9025
vn 0.8140 -0.0491 0.5788
vn 0.7673 -0.5300 -0.3612
vn -0.3365 0.9415 -0.0172
vn 0.6881 -0.4920 -0.5333
vn 0.3010 -0.8029 -0.5145
vn 0.8069 -0.5797 0.1133
vn -0.0169 0.9846 0.1740
vn -0.2423 0.9696 -0.0324
vn -0.1916 0.9781 -0.0812
vt 0.713443 0.931578
vt 0.679939 0.913973
vt 0.737140 0.910756
vt 0.452363 0.929173
vt 0.436328 0.901684
vt 0.465291 0.886361
vt 0.738642 0.695664
vt 0.710838 0.638983
vt 0.760026 0.671300
vt 0.787162 0.442611
vt 0.852288 0.484083
vt 0.807988 0.498831
vt 0.887414 0.436342
vt 0.942048 0.502706
vt 0.900057 0.502541
vt 0.751859 0.913376
vt 0.799558 0.926266
vt 0.969864 0.594073
vt 0.924274 0.643559
vt 0.932039 0.600432
vt 0.424601 0.866994
vt 0.385769 0.867092
vt 0.404078 0.834908
vt 0.593742 0.817336
vt 0.608251 0.804740
vt 0.620054 0.847429
vt 0.546645 0.800630
vt 0.554505 0.738628
vt 0.582847 0.797004
vt 0.526987 0.761995
vt 0.080415 0.152782
vt 0.041127 0.147089
vt 0.073135 0.103752
vt 0.066663 0.195144
vt 0.074615 0.185768
vt 0.081409 0.225102
vt 0.454108 0.092630
vt 0.446599 0.141975
vt 0.415249 0.143520
vt 0.293543 0.416267
vt 0.286404 0.347409
vt 0.358303 0.362584
vt 0.511714 0.191513
vt 0.499918 0.162316
vt 0.534177 0.188386
vt 0.692128 0.895387
vt 0.736036 0.901522
vt 0.359897 0.483655
vt 0.319670 0.465241
vt 0.335129 0.458683
vt 0.321801 0.573269
vt 0.322411 0.606246
vt 0.283925 0.575964
vt 0.384840 0.785968
vt 0.356976 0.823075
vt 0.361722 0.772316
vt 0.504733 0.540524
vt 0.511655 0.562177
vt 0.472084 0.560136
vt 0.359617 0.611492
vt 0.359022 0.580123
vt 0.252200 0.481543
vt 0.299922 0.509277
vt 0.245754 0.520049
vt 0.163928 0.490194
vt 0.166502 0.526347
vt 0.141779 0.522311
vt 0.393731 0.115526
vt 0.368918 0.091519
vt 0.399201 0.059929
vt 0.649792 0.442071
vt 0.706187 0.443484
vt 0.666196 0.477067
vt 0.564685 0.506386
vt 0.586211 0.470211
vt 0.605568 0.487982
vt 0.550734 0.588891
vt 0.550375 0.576760
vt 0.564463 0.550452
vt 0.206097 0.208339
vt 0.159928 0.217261
vt 0.143565 0.186578
vt 0.684547 0.781820
vt 0.733660 0.772651
vt 0.684273 0.808884
vt 0.382426 0.876295
vt 0.444873 0.874177
vt 0.563175 0.412381
vt 0.522604 0.340122
vt 0.580572 0.386307
vt 0.178426 0.590999
vt 0.132160 0.539053
vt 0.177388 0.538236
vt 0.126459 0.102101
vt 0.112865 0.126252
vt 0.121999 0.074168
vt 0.259409 0.046343
vt 0.202016 0.034117
vt 0.242658 0.030722
vt 0.541523 0.932335
vt 0.589208 0.931910
vt 0.542862 0.944039
vt 0.491183 0.444243
vt 0.436938 0.428821
vt 0.473728 0.420644
vt 0.409515 0.570622
vt 0.468038 0.592783
vt 0.410844 0.597446
vt 0.832320 0.548665
vt 0.791314 0.559174
vt 0.771792 0.534704
vt 0.472079 0.125309
vt 0.502650 0.195209
vt 0.468389 0.160124
vt 0.133423 0.507699
vt 0.105408 0.498833
vt 0.140794 0.476559
vt 0.256087 0.120481
vt 0.208089 0.135437
vt 0.226318 0.111147
vt 0.179542 0.140302
vt 0.204446 0.114838
vt 0.912277 0.771412
vt 0.891880 0.812062
vt 0.888287 0.789689
vt 0.377864 0.041630
vt 0.072614 0.404548
vt 0.094367 0.430451
vt 0.065429 0.433742
vt 0.265582 0.368636
vt 0.306706 0.490271
vt 0.247890 0.469859
vt 0.804281 0.687048
vt 0.787691 0.698631
vt 0.777541 0.664625
vt 0.453007 0.840115
vt 0.421699 0.831146
vt 0.453063 0.808943
vt 0.043301 0.378341
vt 0.066208 0.390071
vt 0.034136 0.392111
vt 0.886366 0.686991
vt 0.926460 0.685749
vt 0.893051 0.701052
vt 0.603951 0.562376
vt 0.562349 0.585448
vt 0.756924 0.575265
vt 0.714978 0.583377
vt 0.718216 0.571487
vt 0.588571 0.324887
vt 0.565957 0.316487
vt 0.553089 0.262617
vt 0.476260 0.244897
vt 0.471402 0.306390
vt 0.456070 0.243863
vt 0.208230 0.458518
vt 0.233812 0.464421
vt 0.207659 0.476505
vt 0.635117 0.790844
vt 0.509240 0.425206
vt 0.486555 0.373880
vt 0.530593 0.392261
vt 0.180701 0.406907
vt 0.202294 0.397704
vt 0.193974 0.422058
vt 0.692832 0.826520
vt 0.718584 0.805535
vt 0.387343 0.731799
vt 0.420017 0.740740
vt 0.406070 0.779427
vt 0.422010 0.767146
vt 0.412558 0.799450
vt 0.599422 0.240499
vt 0.590191 0.199021
vt 0.609898 0.221793
vt 0.411832 0.640573
vt 0.415164 0.706859
vt 0.588074 0.946943
vt 0.043562 0.437055
vt 0.525043 0.324728
vt 0.482224 0.310328
vt 0.510593 0.299782
vt 0.028686 0.232958
vt 0.023672 0.263166
vt 0.010000 0.241911
vt 0.930898 0.465221
vt 0.123265 0.532107
vt 0.096663 0.530442
vt 0.138085 0.583691
vt 0.589962 0.157426
vt 0.612178 0.182200
vt 0.590269 0.183838
vt 0.470406 0.464324
vt 0.505215 0.453536
vt 0.484986 0.493594
vt 0.539712 0.443587
vt 0.540611 0.474778
vt 0.741855 0.487006
vt 0.730324 0.467273
vt 0.146451 0.061639
vt 0.218059 0.065715
vt 0.784785 0.778334
vt 0.805484 0.790243
vt 0.758342 0.789165
vt 0.748076 0.740633
vt 0.766551 0.760714
vt 0.745928 0.782629
vt 0.436591 0.287825
vt 0.413855 0.242715
vt 0.442582 0.234879
vt 0.869124 0.861517
vt 0.843566 0.855557
vt 0.856088 0.838836
vt 0.798061 0.798886
vt 0.756801 0.797309
vt 0.459190 0.440818
vt 0.590454 0.271882
vt 0.349172 0.801809
vt 0.648540 0.563967
vt 0.613222 0.586388
vt 0.702057 0.473577
vt 0.321795 0.549357
vt 0.270406 0.550353
vt 0.396098 0.575303
vt 0.361458 0.561848
vt 0.384660 0.523159
vt 0.916333 0.667523
vt 0.528803 0.916714
vt 0.514050 0.934775
vt 0.506338 0.905571
vt 0.767149 0.561288
vt 0.739781 0.555925
vt 0.636574 0.546557
vt 0.676162 0.537924
vt 0.142738 0.381319
vt 0.141648 0.403581
vt 0.113291 0.370442
vt 0.079743 0.327336
vt 0.113075 0.346114
vt 0.795609 0.820112
vt 0.819867 0.822925
vt 0.799189 0.832707
vt 0.530981 0.559798
vt 0.537874 0.526302
vt 0.570028 0.537558
vt 0.593247 0.521760
vt 0.616500 0.540626
vt 0.207221 0.584368
vt 0.201061 0.551772
vt 0.263599 0.575123
vt 0.564741 0.815999
vt 0.549050 0.323649
vt 0.588539 0.333386
vt 0.564856 0.363498
vt 0.351371 0.837097
vt 0.407842 0.129926
vt 0.417735 0.102624
vt 0.112297 0.467139
vt 0.081686 0.497262
vt 0.782103 0.741803
vt 0.712049 0.736821
vt 0.674479 0.697370
vt 0.737239 0.719839
vt 0.558495 0.224043
vt 0.390055 0.145065
vt 0.184551 0.446049
vt 0.172696 0.439154
vt 0.164683 0.469870
vt 0.149882 0.444709
vt 0.662411 0.759506
vt 0.605838 0.759538
vt 0.605503 0.789824
vt 0.704218 0.980372
vt 0.718890 0.945964
vt 0.745849 0.967491
vt 0.871826 0.516818
vt 0.856346 0.519556
vt 0.820886 0.514216
vt 0.857171 0.502063
vt 0.084526 0.368489
vt 0.058711 0.377515
vt 0.429098 0.079272
vt 0.527114 0.533795
vt 0.763524 0.938280
vt 0.265601 0.593661
vt 0.245935 0.629774
vt 0.961728 0.502663
vt 0.053947 0.236116
vt 0.619549 0.529172
vt 0.507785 0.224385
vt 0.484011 0.190678
vt 0.550251 0.233971
vt 0.516830 0.211638
vt 0.206623 0.383126
vt 0.235142 0.382467
vt 0.213908 0.405160
vt 0.595785 0.853293
vt 0.226622 0.545180
vt 0.235160 0.521232
vt 0.265922 0.564450
vt 0.827397 0.626689
vt 0.510691 0.284642
vt 0.529801 0.306827
vt 0.516795 0.246403
vt 0.368567 0.126145
vt 0.310123 0.138322
vt 0.345693 0.111046
vt 0.403533 0.082813
vt 0.557125 0.524824
vt 0.351525 0.221154
vt 0.367483 0.231287
vt 0.355694 0.261417
vt 0.285967 0.272844
vt 0.301578 0.258264
vt 0.338136 0.268256
vt 0.502785 0.240955
vt 0.538873 0.243199
vt 0.830173 0.813361
vt 0.807830 0.811976
vt 0.827386 0.793758
vt 0.838714 0.801180
vt 0.613853 0.447657
vt 0.635682 0.465906
vt 0.342993 0.038916
vt 0.346543 0.070291
vt 0.304207 0.036951
vt 0.502674 0.497814
vt 0.493198 0.937223
vt 0.473191 0.928147
vt 0.479298 0.913838
vt 0.969916 0.526550
vt 0.955153 0.512792
vt 0.365477 0.097960
vt 0.700694 0.857403
vt 0.723832 0.865029
vt 0.699181 0.867727
vt 0.792256 0.764635
vt 0.811920 0.761296
vt 0.536618 0.213779
vt 0.332240 0.257288
vt 0.307916 0.240380
vt 0.340549 0.216868
vt 0.562403 0.916919
vt 0.613463 0.912168
vt 0.976682 0.556363
vt 0.990000 0.570038
vt 0.982660 0.603787
vt 0.034907 0.299429
vt 0.046203 0.287298
vt 0.059037 0.322482
vt 0.759705 0.696869
vt 0.766948 0.725118
vt 0.438072 0.352909
vt 0.399522 0.350583
vt 0.448493 0.330342
vt 0.480765 0.575320
vt 0.431990 0.566783
vt 0.432068 0.551771
vt 0.458336 0.566714
vt 0.725907 0.545510
vt 0.718773 0.521609
vt 0.756096 0.524666
vt 0.806616 0.749039
vt 0.171728 0.477975
vt 0.217721 0.423340
vt 0.101923 0.136720
vt 0.093597 0.088440
vt 0.675747 0.828333
vt 0.594033 0.587682
vt 0.565077 0.596433
vt 0.597616 0.635469
vt 0.391166 0.821661
vt 0.546528 0.726269
vt 0.560069 0.691542
vt 0.611940 0.748994
vt 0.150293 0.104565
vt 0.142890 0.095788
vt 0.183716 0.095054
vt 0.381698 0.587477
vt 0.682233 0.989466
vt 0.677263 0.963855
vt 0.393472 0.334267
vt 0.429137 0.313674
vt 0.109258 0.423604
vt 0.079526 0.396414
vt 0.099648 0.402618
vt 0.091846 0.385408
vt 0.771650 0.831540
vt 0.760207 0.847721
vt 0.010814 0.207958
vt 0.858615 0.417899
vt 0.882683 0.426107
vt 0.844271 0.428173
vt 0.863347 0.437117
vt 0.354019 0.856876
vt 0.616137 0.324139
vt 0.604257 0.322515
vt 0.612930 0.289424
vt 0.507148 0.801624
vt 0.471888 0.768728
vt 0.509038 0.774467
vt 0.696509 0.658404
vt 0.490556 0.507051
vt 0.502609 0.523874
vt 0.464474 0.530593
vt 0.533660 0.492995
vt 0.475053 0.745366
vt 0.671420 0.568933
vt 0.613165 0.596738
vt 0.610917 0.610026
vt 0.707693 0.755233
vt 0.730868 0.748145
vt 0.106022 0.455426
vt 0.081522 0.445618
vt 0.115568 0.441675
vt 0.131054 0.454615
vt 0.119589 0.211411
vt 0.724514 0.787057
vt 0.405940 0.375445
vt 0.124964 0.360117
vt 0.084297 0.175319
vt 0.113118 0.168164
vt 0.306033 0.342688
vt 0.376934 0.355945
vt 0.123600 0.138170
vt 0.131232 0.113791
vt 0.147453 0.492924
vt 0.632015 0.896637
vt 0.672635 0.951301
vt 0.630574 0.918768
vt 0.955711 0.522468
vt 0.956665 0.554017
vt 0.333915 0.339717
vt 0.690792 0.743079
vt 0.498256 0.125020
vt 0.491393 0.104998
vt 0.518576 0.107893
vt 0.485609 0.126265
vt 0.650800 0.900288
vt 0.657172 0.916169
vt 0.638283 0.885939
vt 0.674336 0.879560
vt 0.015942 0.408712
vt 0.020831 0.396586
vt 0.935189 0.678222
vt 0.522302 0.819023
vt 0.525347 0.791243
vt 0.127567 0.152716
vt 0.617179 0.202036
vt 0.340893 0.734805
vt 0.359102 0.742708
vt 0.345825 0.752553
vt 0.969923 0.634972
vt 0.944588 0.649775
vt 0.841638 0.863760
vt 0.826878 0.885811
vt 0.756824 0.902028
vt 0.780548 0.880803
vt 0.351522 0.715257
vt 0.389496 0.758942
vt 0.455327 0.154243
vt 0.418601 0.149567
vt 0.092387 0.226126
vt 0.791400 0.909674
vt 0.425841 0.162689
vt 0.392529 0.160839
vt 0.519295 0.901274
vt 0.279359 0.326084
vt 0.040374 0.447222
vt 0.044426 0.457888
vt 0.023068 0.439584
vt 0.059846 0.295731
vt 0.075360 0.310559
vt 0.439100 0.065598
vt 0.841891 0.651000
vt 0.860082 0.673670
vt 0.885996 0.878845
vt 0.844083 0.883457
vt 0.311459 0.564825
vt 0.396115 0.894476
vt 0.606359 0.343983
vt 0.594012 0.374016
vt 0.114924 0.575795
vt 0.108733 0.553623
vt 0.680907 0.886196
vt 0.108970 0.068225
vt 0.668875 0.513183
vt 0.509011 0.873164
vt 0.544202 0.874067
vt 0.548459 0.886581
vt 0.921991 0.698892
vt 0.922720 0.727279
vt 0.899050 0.714055
vt 0.784580 0.814014
vt 0.572769 0.163839
vt 0.565375 0.144536
vt 0.828746 0.765685
vt 0.849054 0.780260
vt 0.465367 0.355956
vt 0.471835 0.387616
vt 0.834544 0.415249
vt 0.720963 0.854376
vt 0.217374 0.281822
vt 0.168106 0.244767
vt 0.795238 0.717785
vt 0.233066 0.010000
vt 0.288295 0.610070
vt 0.275978 0.624281
vt 0.769759 0.954871
vt 0.504234 0.509081
vt 0.787491 0.507248
vt 0.071010 0.519490
vt 0.070294 0.465640
vt 0.287235 0.019260
vt 0.322212 0.027166
vt 0.279344 0.034121
vt 0.527124 0.850530
vt 0.574869 0.842347
vt 0.593329 0.874057
vt 0.541265 0.834896
vt 0.490863 0.605642
vt 0.524056 0.593789
vt 0.501624 0.612075
vt 0.387626 0.180498
vt 0.370948 0.178811
vt 0.401406 0.173737
vt 0.058081 0.451782
vt 0.071261 0.454273
vt 0.184197 0.391380
vt 0.371989 0.466886
vt 0.371232 0.498380
vt 0.789083 0.847086
vt 0.824450 0.849142
vt 0.798836 0.865823
vt 0.817531 0.873360
vt 0.429237 0.904486
vt 0.441625 0.938797
vt 0.354484 0.691370
vt 0.875465 0.848850
vt 0.118408 0.389946
vt 0.466741 0.322952
vt 0.457579 0.346012
vt 0.135141 0.443667
vt 0.124394 0.428623
vt 0.322225 0.562494
vt 0.338168 0.564054
vt 0.566456 0.233786
vt 0.623532 0.732635
vt 0.431141 0.446969
vt 0.422843 0.466672
vt 0.448718 0.481345
vt 0.262800 0.430542
vt 0.281959 0.434725
vt 0.289100 0.444407
vt 0.369319 0.259705
vt 0.696911 0.548547
vt 0.649904 0.828123
vt 0.431519 0.860683
vt 0.211301 0.096254
vt 0.240554 0.094570
vt 0.518954 0.439654
vt 0.394214 0.778608
vt 0.534285 0.596908
vt 0.536523 0.582381
vt 0.770267 0.578558
vt 0.332698 0.753834
vt 0.397249 0.039337
vt 0.417680 0.049465
vt 0.382755 0.123917
vt 0.890800 0.655053
vt 0.950523 0.473284
vt 0.037082 0.198139
vt 0.023494 0.176728
vt 0.338649 0.094219
vt 0.310709 0.092092
vt 0.271315 0.099834
vt 0.856940 0.551828
vt 0.931342 0.516355
vt 0.418277 0.067725
vt 0.423422 0.057432
vt 0.680775 0.936679
vt 0.382940 0.604283
vt 0.298657 0.114905
vt 0.759293 0.646010
vt 0.771510 0.624793
vt 0.350299 0.288195
vt 0.361936 0.277243
vt 0.479337 0.138719
vt 0.484713 0.107884
vt 0.355535 0.084387
vt 0.357386 0.041551
vt 0.231718 0.071811
vt 0.608916 0.548297
vt 0.446374 0.548233
vt 0.178364 0.376513
vt 0.156146 0.370727
vt 0.193685 0.376660
vt 0.201777 0.540516
vt 0.589609 0.459158
vt 0.867075 0.722520
vt 0.770910 0.820871
vt 0.759056 0.861384
vt 0.232575 0.480066
vt 0.714393 0.893338
vt 0.223816 0.369109
vt 0.660095 0.838571
vt 0.668522 0.834658
vt 0.676951 0.845827
vt 0.946451 0.662563
vt 0.307723 0.632806
vt 0.506201 0.823154
vt 0.957881 0.659515
vt 0.873203 0.528280
vt 0.222513 0.446337
vt 0.243620 0.436137
vt 0.709784 0.823866
vt 0.743749 0.797384
vt 0.390430 0.322814
vt 0.048092 0.480039
vt 0.047398 0.274638
vt 0.514822 0.763325
vt 0.981094 0.544473
vt 0.137530 0.339258
vt 0.134455 0.355076
vt 0.509642 0.136703
vt 0.873991 0.897906
vt 0.926104 0.450708
vt 0.297317 0.244079
vt 0.085321 0.517705
vt 0.082371 0.537836
vt 0.094405 0.499352
vt 0.483540 0.901477
vt 0.342036 0.572511
vt 0.492957 0.215438
vt 0.556681 0.897947
vt 0.531729 0.683329
vt 0.535187 0.651075
vt 0.705242 0.560428
vt 0.025876 0.385092
vt 0.943039 0.686319
vt 0.934037 0.695615
vt 0.455150 0.868264
vt 0.072163 0.172154
vt 0.456374 0.604272
vt 0.490266 0.611678
vt 0.473809 0.336454
vt 0.688271 0.611388
vt 0.665645 0.971706
vt 0.667268 0.985705
vt 0.795555 0.953672
vt 0.835675 0.916304
vt 0.350551 0.527225
vt 0.373423 0.514830
vt 0.412387 0.500591
vt 0.473520 0.936610
vt 0.349519 0.031602
vt 0.047453 0.332382
vt 0.360915 0.028380
vt 0.154295 0.429540
vt 0.680248 0.868391
vt 0.688162 0.854991
vt 0.041200 0.371123
vt 0.050069 0.361489
vt 0.768987 0.780422
vt 0.526384 0.512218
vt 0.560850 0.196102
vt 0.836589 0.697442
vt 0.276069 0.636490
vt 0.655015 0.617374
vt 0.641939 0.604841
vt 0.295308 0.063726
vt 0.503017 0.639155
vt 0.974860 0.504976
vt 0.515462 0.831955
vt 0.245666 0.456674
vt 0.481011 0.094583
vt 0.622085 0.501150
vt 0.555937 0.148327
vt 0.437804 0.697416
vt 0.417913 0.552979
vt 0.641531 0.968694
vt 0.095432 0.255735
vt 0.378512 0.243116
vt 0.252537 0.313575
vt 0.202927 0.374784
vt 0.015907 0.385527
vt 0.600320 0.377241
vt 0.722088 0.833876
vt 0.071699 0.336058
vt 0.812048 0.720098
vt 0.836951 0.718192
vt 0.499605 0.580913
vt 0.513037 0.573154
vt 0.483804 0.651077
vt 0.492817 0.712958
vt 0.503109 0.674314
vt 0.510409 0.656392
vt 0.515150 0.635495
vt 0.472622 0.724556
vt 0.483274 0.217328
vt 0.456572 0.220958
vt 0.424838 0.189517
vt 0.382842 0.199885
vt 0.396170 0.215080
vt 0.311834 0.194378
vt 0.322728 0.172879
vt 0.276523 0.163425
vt 0.331316 0.315461
vt 0.369501 0.336709
vt 0.262849 0.267669
vt 0.236733 0.416027
vt 0.237397 0.445428
vt 0.167470 0.406043
vt 0.826974 0.900687
vt 0.121103 0.414829
vt 0.025398 0.368682
vt 0.930734 0.660693
vt 0.090938 0.465932
vt 0.916902 0.750033
vt 0.033938 0.461530
vt 0.838859 0.743248
vt 0.837082 0.828973
vt 0.745121 0.878401
vt 0.753529 0.833264
vt 0.627933 0.801422
vt 0.632413 0.868935
vt 0.636823 0.841473
vt 0.652178 0.853366
vt 0.643369 0.876211
vt 0.599064 0.886052
vt 0.477976 0.884080
vt 0.493537 0.344189
vt 0.474623 0.841906
vt 0.437051 0.760915
vt 0.538576 0.281034
vt 0.541649 0.180380
vt 0.516878 0.126752
vt 0.559248 0.116807
vt 0.456784 0.539490
vt 0.468221 0.091463
vt 0.646887 0.658512
vt 0.662124 0.628563
vt 0.687065 0.583801
vt 0.734246 0.608224
vt 0.638901 0.498961
vt 0.281531 0.084937
vt 0.376129 0.622320
vt 0.577657 0.121051
vt 0.273544 0.424389
vt 0.269441 0.446036
vt 0.207081 0.511875
vt 0.225102 0.492410
vt 0.831574 0.934738
vt 0.199416 0.615438
vt 0.442592 0.532208
vt 0.615380 0.946706
vt 0.420537 0.490693
vt 0.612236 0.263614
vt 0.350662 0.774264
vt 0.478072 0.855852
vt 0.338693 0.520679
vt 0.174357 0.288984
vt 0.103103 0.323638
vt 0.748514 0.424555
vt 0.189313 0.029158
vt 0.698710 0.495716
vt 0.312387 0.148452
vt 0.374971 0.134221
vt 0.629990 0.716050
vt 0.672923 0.722912
vt 0.408553 0.198111
vt 0.397123 0.239609
vt 0.385882 0.303109
vt 0.357668 0.395528
vt 0.404455 0.431347
vt 0.379246 0.361420
vt 0.375415 0.323574
vt 0.285694 0.280863
vt 0.220937 0.339718
vt 0.182156 0.357700
vt 0.144049 0.333581
vt 0.157988 0.364629
vt 0.108303 0.301703
vt 0.129027 0.242581
vt 0.111762 0.279620
vt 0.079888 0.259360
vt 0.055146 0.169824
vt 0.207574 0.158777
vt 0.235919 0.149497
vt 0.157918 0.160731
vt 0.273788 0.149260
vt 0.239326 0.187443
vt 0.289405 0.214784
vt 0.236433 0.214550
vt 0.240684 0.241061
vt 0.792323 0.620598
vt 0.799907 0.606113
vt 0.885165 0.626211
vt 0.857782 0.614760
vt 0.926083 0.530867
vt 0.617874 0.689665
vt 0.626397 0.624499
vt 0.584134 0.678880
vt 0.595845 0.652492
vt 0.554749 0.624877
vt 0.418119 0.614206
vt 0.658936 0.873031
vt 0.700143 0.842603
vt 0.873103 0.691669
vt 0.382893 0.468889
vt 0.891605 0.859461
vt 0.095235 0.561302
vt 0.895586 0.836075
vt 0.874239 0.834954
vt 0.903546 0.818202
vt 0.804873 0.582598
vt 0.440149 0.393277
vt 0.421864 0.415009
vt 0.393456 0.400193
s 1
usemtl Rock_LowPoly
f 10/1/1 112/2/2 176/3/3
f 449/4/4 231/5/5 385/6/6
f 6/7/7 141/8/8 533/9/9
f 208/10/10 383/11/11 536/12/12
f 8/13/13 296/14/14 86/15/15
f 401/16/16 437/17/17 10/1/1
f 113/18/18 475/19/19 368/20/20
f 580/21/21 471/22/22 126/23/23
f 12/24/24 510/25/25 310/26/26
f 168/27/27 128/28/28 604/29/29
f 70/30/30 128/28/28 168/27/27
f 205/31/31 635/32/32 363/33/33
f 110/34/34 4/35/35 396/36/36
f 191/37/37 19/38/38 77/39/39
f 294/40/40 180/41/41 156/42/42
f 525/43/43 305/44/44 442/45/45
f 112/2/2 566/46/46 257/47/47
f 225/48/48 567/49/49 33/50/50
f 570/51/51 89/52/52 269/53/53
f 450/54/54 16/55/55 548/56/56
f 72/57/57 578/58/58 314/59/59
f 84/60/60 89/52/52 369/61/61
f 328/62/62 21/63/63 22/64/64
f 544/65/65 74/66/66 210/67/67
f 277/68/68 307/69/69 98/70/70
f 37/71/71 212/72/72 463/73/73
f 384/74/74 585/75/75 91/76/76
f 634/77/77 433/78/78 309/79/79
f 85/80/80 519/81/81 149/82/82
f 491/83/83 398/84/84 256/85/85
f 231/5/5 195/86/86 271/87/87
f 531/88/88 439/89/89 393/90/90
f 3/91/91 431/92/92 477/93/93
f 29/94/94 466/95/95 198/96/96
f 394/97/97 521/98/98 218/99/99
f 293/100/100 50/101/101 30/102/102
f 417/103/103 423/104/104 347/105/105
f 342/106/106 557/107/107 511/108/108
f 290/109/109 73/110/110 421/111/111
f 34/112/112 19/38/38 191/37/37
f 92/113/113 261/114/114 305/44/44
f 55/115/115 428/116/116 78/117/117
f 299/118/118 351/119/119 462/120/120
f 157/121/121 459/122/122 351/119/119
f 350/123/123 144/124/124 373/125/125
f 98/70/70 307/69/69 524/126/126
f 87/127/127 279/128/128 181/129/129
f 204/130/130 180/41/41 294/40/40
f 526/131/131 545/132/132 567/49/49
f 95/133/133 114/134/134 103/135/135
f 399/136/136 258/137/137 123/138/138
f 335/139/139 641/140/140 42/141/141
f 400/142/142 395/143/143 160/144/144
f 309/79/79 313/145/145 125/146/146
f 32/147/147 53/148/148 562/149/149
f 254/150/150 320/151/151 468/152/152
f 1/153/153 131/154/154 594/155/155
f 24/156/156 304/157/157 311/158/158
f 256/85/85 568/159/159 491/83/83
f 57/160/160 46/161/161 237/162/162
f 542/163/163 587/164/164 127/165/165
f 631/166/166 256/85/85 348/167/167
f 171/168/168 11/169/169 610/170/170
f 430/171/171 123/138/138 260/172/172
f 270/173/173 494/174/174 49/175/175
f 56/176/176 593/177/177 171/168/168
f 50/101/101 589/178/178 30/102/102
f 87/127/127 228/179/179 42/141/141
f 44/180/180 409/181/181 486/182/182
f 352/183/183 355/184/184 618/185/185
f 8/13/13 438/186/186 296/14/14
f 28/187/187 584/188/188 55/115/115
f 431/92/92 3/91/91 362/189/189
f 302/190/190 233/191/191 203/192/192
f 250/193/193 262/194/194 371/195/195
f 262/194/194 27/196/196 104/197/197
f 208/10/10 216/198/198 452/199/199
f 329/200/200 521/98/98 312/201/201
f 324/202/202 292/203/203 58/204/204
f 80/205/205 488/206/206 483/207/207
f 52/208/208 356/209/209 451/210/210
f 234/211/211 172/212/212 474/213/213
f 286/214/214 559/215/215 292/203/203
f 616/216/216 417/103/103 250/193/193
f 254/150/150 468/152/152 81/217/217
f 16/55/55 283/218/218 548/56/56
f 454/219/219 530/220/220 313/145/145
f 463/73/73 212/72/72 275/221/221
f 572/222/222 597/223/223 21/63/63
f 606/224/224 243/225/225 440/226/226
f 470/227/227 395/143/143 400/142/142
f 381/228/228 215/229/229 626/230/230
f 265/231/231 68/232/232 421/111/111
f 64/233/233 457/234/234 454/219/219
f 69/235/235 137/236/236 18/237/237
f 189/238/238 153/239/239 18/237/237
f 321/240/240 469/241/241 67/242/242
f 20/243/243 297/244/244 309/79/79
f 422/245/245 272/246/246 582/247/247
f 73/110/110 265/231/231 421/111/111
f 164/248/248 497/249/249 627/250/250
f 168/27/27 604/29/29 424/251/251
f 115/252/252 139/253/253 76/254/254
f 471/22/22 432/255/255 126/23/23
f 182/256/256 546/257/257 77/39/39
f 515/258/258 78/117/117 239/259/259
f 231/5/5 271/87/87 385/6/6
f 80/205/205 211/260/260 488/206/206
f 163/261/261 60/262/262 276/263/263
f 244/264/264 494/174/174 270/173/173
f 77/39/39 284/265/265 182/256/256
f 480/266/266 464/267/267 127/165/165
f 464/267/267 232/268/268 509/269/269
f 491/83/83 568/159/159 419/270/270
f 522/271/271 17/272/272 128/28/28
f 84/273/60 326/274/273 337/275/274
f 86/15/15 296/14/14 165/276/275
f 591/277/276 188/278/277 538/279/278
f 236/280/279 641/140/140 481/281/280
f 77/39/39 541/282/281 191/37/37
f 72/57/57 573/283/282 578/58/58
f 337/275/274 326/274/273 498/284/283
f 164/248/248 289/285/284 508/286/285
f 13/287/286 296/14/14 438/186/186
f 110/34/34 396/36/36 425/288/287
f 272/246/246 91/76/76 199/289/288
f 184/290/289 174/291/290 92/113/113
f 238/292/291 184/290/289 448/293/292
f 226/294/293 332/295/294 561/296/295
f 12/24/24 310/26/26 607/297/296
f 316/298/297 353/299/298 94/300/299
f 22/64/64 21/63/63 597/223/223
f 95/133/133 103/135/135 224/301/300
f 1/153/153 96/302/301 131/154/154
f 323/303/302 96/302/301 100/304/303
f 97/305/304 14/306/305 288/307/306
f 182/256/256 357/308/307 546/257/257
f 384/74/74 23/309/308 297/244/244
f 540/310/309 436/311/310 253/312/311
f 41/313/312 15/314/313 169/315/314
f 100/304/303 96/302/301 370/316/315
f 473/317/316 184/290/289 238/292/291
f 274/318/317 202/319/318 101/320/319
f 36/321/320 274/318/317 101/320/319
f 102/322/321 547/323/322 91/76/76
f 456/324/323 2/325/324 549/326/325
f 262/194/194 104/197/197 579/327/326
f 489/328/327 598/329/328 366/330/329
f 162/331/330 583/332/331 13/287/286
f 97/305/304 288/307/306 571/333/332
f 484/334/333 134/335/334 154/336/335
f 47/337/336 377/338/337 292/203/203
f 442/45/45 62/339/338 448/293/292
f 599/340/339 642/341/340 111/342/341
f 50/101/101 179/343/342 444/344/343
f 359/345/344 355/346/184 240/347/345
f 240/348/345 79/349/346 391/350/347
f 103/135/135 114/134/134 251/351/348
f 434/352/349 80/205/205 276/263/263
f 465/353/350 230/354/351 248/355/352
f 76/254/254 439/89/89 115/252/252
f 323/303/302 44/180/180 486/182/182
f 560/356/353 557/107/107 116/357/354
f 116/357/354 345/358/355 105/359/356
f 387/360/357 117/361/358 25/362/359
f 452/199/199 216/198/198 117/361/358
f 377/338/337 47/337/336 520/363/360
f 520/363/360 47/337/336 211/260/260
f 24/156/156 159/364/361 200/365/362
f 170/366/363 363/33/33 122/367/364
f 45/368/365 256/85/85 631/166/166
f 313/145/145 43/369/366 125/146/146
f 632/370/367 43/369/366 158/371/368
f 212/72/72 452/199/199 275/221/221
f 126/23/23 426/372/369 450/54/54
f 258/137/137 260/172/172 123/138/138
f 397/373/370 235/374/371 245/375/372
f 500/376/373 459/122/122 157/121/121
f 372/377/374 329/200/200 259/378/375
f 369/61/61 435/379/376 84/60/60
f 435/380/376 518/381/377 84/273/60
f 131/154/154 52/208/208 451/210/210
f 248/355/352 5/382/378 349/383/379
f 38/384/380 295/385/381 447/386/382
f 295/385/381 551/387/383 447/386/382
f 500/376/373 259/378/375 459/122/122
f 367/388/384 406/389/385 134/335/334
f 352/183/183 618/185/185 528/390/386
f 542/163/163 127/165/165 464/267/267
f 122/391/364 363/392/33 138/393/387
f 138/393/387 543/394/388 383/11/11
f 471/22/22 492/395/389 432/255/255
f 432/396/255 637/397/390 283/398/218
f 338/399/391 140/400/392 620/401/393
f 60/262/262 427/402/394 6/7/7
f 142/403/395 30/404/102 589/405/178
f 579/327/326 104/197/197 489/406/327
f 620/401/393 140/400/392 143/407/396
f 373/125/125 144/124/124 36/321/320
f 530/220/220 255/408/397 145/409/398
f 382/410/399 158/371/368 43/369/366
f 146/411/400 380/412/401 398/84/84
f 163/261/261 276/263/263 380/412/401
f 148/413/402 482/414/403 392/415/404
f 242/416/405 78/117/117 515/258/258
f 519/81/81 414/417/406 149/82/82
f 292/203/203 559/215/215 58/204/204
f 348/167/167 256/85/85 403/418/407
f 230/354/351 465/353/350 152/419/408
f 539/420/409 69/235/235 18/237/237
f 402/421/410 170/366/363 453/422/411
f 366/330/329 449/4/4 385/6/6
f 156/42/42 441/423/412 563/424/413
f 247/425/414 466/95/95 625/426/415
f 553/427/416 78/117/117 232/268/268
f 242/416/405 232/268/268 78/117/117
f 166/428/417 219/429/418 161/430/419
f 50/101/101 444/344/343 161/430/419
f 106/431/420 359/345/344 54/432/421
f 54/432/421 359/345/344 113/18/18
f 563/424/413 441/423/412 445/433/422
f 380/412/401 146/411/400 163/261/261
f 146/411/400 419/270/270 602/434/423
f 11/169/169 430/171/171 610/170/170
f 213/435/424 345/436/355 342/437/106
f 345/436/355 213/435/424 487/438/425
f 164/248/248 3/91/91 477/93/93
f 591/277/276 290/109/109 188/278/277
f 166/428/417 197/439/426 581/440/427
f 303/441/428 330/442/429 197/439/426
f 228/179/179 167/443/430 390/444/431
f 622/445/432 395/143/143 470/227/227
f 168/27/27 424/251/251 75/446/433
f 354/447/434 168/27/27 75/446/433
f 253/312/311 599/340/339 540/310/309
f 453/422/411 170/366/363 600/448/435
f 247/425/414 600/448/435 170/366/363
f 49/175/175 203/192/192 485/449/436
f 49/450/175 173/451/437 365/452/438
f 475/19/19 458/453/439 341/454/440
f 389/455/441 234/211/211 26/456/442
f 507/457/443 503/458/444 26/456/442
f 173/451/437 49/450/175 485/459/436
f 48/460/445 173/451/437 171/168/168
f 506/461/446 19/38/38 34/112/112
f 506/461/446 516/462/447 19/38/38
f 175/463/448 396/36/36 4/35/35
f 414/417/406 402/421/410 149/82/82
f 10/1/1 176/3/3 401/16/16
f 7/464/449 507/457/443 26/456/442
f 516/462/447 506/461/446 178/465/450
f 178/465/450 472/466/451 516/462/447
f 381/228/228 626/230/230 39/467/452
f 109/468/453 180/41/41 204/130/130
f 611/469/454 529/470/455 201/471/456
f 182/256/256 277/68/68 357/308/307
f 370/316/315 96/302/301 1/153/153
f 392/415/404 482/414/403 279/128/128
f 568/159/159 522/271/271 419/270/270
f 164/248/248 477/93/93 497/249/249
f 290/109/109 421/111/111 188/278/277
f 216/198/198 25/362/359 117/361/358
f 287/472/457 308/473/458 391/350/347
f 191/37/37 541/282/281 72/474/57
f 404/475/459 495/476/460 95/133/133
f 196/477/461 479/478/462 234/211/211
f 570/51/51 269/53/53 65/479/463
f 606/224/224 369/61/61 243/225/225
f 393/480/90 195/86/86 231/5/5
f 492/481/389 624/482/464 76/254/254
f 196/483/461 455/484/465 431/92/92
f 605/485/466 112/2/2 197/439/426
f 581/440/427 197/439/426 112/2/2
f 466/95/95 596/486/467 198/96/96
f 582/247/247 272/246/246 199/289/288
f 199/289/288 268/487/468 64/233/233
f 561/296/295 200/365/362 480/266/266
f 66/488/469 266/489/470 90/490/471
f 640/491/472 201/492/456 340/493/473
f 228/179/179 201/471/456 167/443/430
f 202/319/318 469/241/241 321/240/240
f 378/494/474 559/215/215 286/214/214
f 505/495/475 555/496/476 302/190/190
f 402/421/410 205/31/31 170/366/363
f 170/366/363 205/31/31 363/33/33
f 537/497/477 206/498/478 292/203/203
f 101/320/319 206/498/478 36/321/320
f 346/499/479 46/161/161 207/500/480
f 57/160/160 347/105/105 46/161/161
f 596/501/467 138/393/387 208/10/10
f 138/393/387 383/11/11 208/10/10
f 134/335/334 484/334/333 331/502/481
f 344/503/482 209/504/483 85/80/80
f 210/67/67 28/187/187 55/115/115
f 553/427/416 544/65/65 210/67/67
f 17/272/272 522/271/271 568/159/159
f 415/505/484 520/363/360 211/260/260
f 114/134/134 434/352/349 251/351/348
f 212/506/72 218/99/99 521/98/98
f 514/507/485 214/508/486 289/285/284
f 502/509/487 337/275/274 498/284/283
f 293/100/100 30/102/102 215/229/229
f 579/327/326 489/406/327 576/510/488
f 208/10/10 467/511/489 216/198/198
f 467/511/489 25/362/359 216/198/198
f 144/512/124 51/513/490 239/259/259
f 37/514/71 218/99/99 212/506/72
f 102/515/321 339/516/491 37/514/71
f 219/429/418 166/428/417 581/440/427
f 326/274/273 10/1/1 498/284/283
f 220/517/492 420/518/493 612/519/494
f 75/446/433 424/251/251 534/520/495
f 532/521/496 388/522/497 221/523/498
f 222/524/499 111/342/341 82/525/500
f 408/526/501 472/466/451 178/465/450
f 51/513/490 273/527/502 223/528/503
f 542/163/163 315/529/504 587/164/164
f 386/530/505 446/531/506 225/48/48
f 87/127/127 181/129/129 228/179/179
f 181/129/129 223/528/503 273/527/502
f 327/532/507 628/533/508 229/534/509
f 636/535/510 389/455/441 26/456/442
f 230/354/351 563/424/413 5/382/378
f 5/382/378 248/355/352 230/354/351
f 531/536/88 449/4/4 27/537/196
f 237/162/162 27/196/196 57/160/160
f 544/65/65 553/427/416 232/268/268
f 159/364/361 232/268/268 200/365/362
f 171/168/168 233/538/191 56/176/176
f 173/451/437 485/459/436 171/168/168
f 474/213/213 193/539/511 234/211/211
f 416/540/512 18/237/237 137/236/236
f 27/196/196 237/162/162 531/88/88
f 238/292/291 448/293/292 62/339/338
f 442/45/45 244/264/264 62/339/338
f 55/115/115 584/188/188 428/116/116
f 359/345/344 240/347/345 113/18/18
f 113/18/18 458/453/439 475/19/19
f 409/181/181 131/154/154 486/182/182
f 411/541/513 556/542/514 248/355/352
f 509/269/269 232/268/268 242/416/405
f 185/543/515 392/415/404 504/544/516
f 570/51/51 574/545/517 410/546/518
f 166/428/417 303/441/428 197/439/426
f 62/339/338 244/264/264 238/292/291
f 267/547/519 473/317/316 238/292/291
f 245/375/372 186/548/520 419/270/270
f 186/548/520 245/375/372 235/374/371
f 247/425/414 500/376/373 157/121/121
f 131/154/154 411/541/513 248/355/352
f 248/355/352 349/383/379 131/154/154
f 136/549/521 250/193/193 565/550/522
f 250/193/193 371/195/195 278/551/523
f 434/352/349 276/263/263 251/351/348
f 6/7/7 533/9/9 251/351/348
f 418/552/524 40/553/525 252/554/526
f 252/554/526 40/553/525 33/50/50
f 99/555/527 253/312/311 436/311/310
f 115/252/252 254/150/150 139/253/253
f 637/397/390 432/396/255 492/481/389
f 53/148/148 255/408/397 562/149/149
f 588/556/528 454/219/219 457/234/234
f 45/368/365 124/557/529 256/85/85
f 503/458/444 507/457/443 257/47/47
f 112/2/2 257/47/47 176/3/3
f 258/137/137 638/558/530 126/23/23
f 260/172/172 258/137/137 126/23/23
f 462/120/120 322/559/531 133/560/532
f 430/171/171 260/172/172 610/170/170
f 126/23/23 450/54/54 260/172/172
f 261/114/114 92/113/113 174/291/290
f 347/105/105 57/160/160 417/103/103
f 27/196/196 412/561/533 57/160/160
f 610/170/170 260/172/172 263/562/534
f 263/562/534 173/451/437 48/460/445
f 264/563/535 282/564/536 634/77/77
f 578/58/58 573/283/282 20/243/243
f 333/565/537 265/231/231 73/110/110
f 32/147/147 68/232/232 265/231/231
f 220/517/492 612/519/494 266/489/470
f 270/173/173 267/547/519 244/264/264
f 267/547/519 238/292/291 244/264/264
f 588/556/528 457/234/234 117/361/358
f 65/479/463 269/53/53 94/300/299
f 269/53/53 514/507/485 289/285/284
f 49/450/175 365/452/438 270/566/173
f 638/558/530 258/137/137 399/136/136
f 384/567/74 98/70/70 524/126/126
f 98/70/70 384/567/74 297/568/244
f 273/527/502 228/179/179 181/129/129
f 228/179/179 611/469/454 201/471/456
f 6/7/7 251/351/348 276/263/263
f 276/263/263 60/262/262 6/7/7
f 571/333/332 277/68/68 623/569/538
f 623/569/538 277/68/68 182/256/256
f 283/398/218 637/397/390 81/217/217
f 565/550/522 250/193/193 278/551/523
f 392/415/404 279/128/128 504/544/516
f 279/128/128 87/127/127 38/384/380
f 67/242/242 406/389/385 367/388/384
f 281/570/539 470/227/227 400/142/142
f 433/78/78 20/243/243 309/79/79
f 222/524/499 82/525/500 284/265/265
f 13/287/286 438/186/186 285/571/540
f 135/572/541 528/390/386 285/573/540
f 286/214/214 292/203/203 202/319/318
f 202/319/318 378/494/474 286/214/214
f 79/349/346 287/472/457 391/350/347
f 571/333/332 288/307/306 569/574/542
f 107/575/543 299/118/118 129/576/544
f 316/298/297 94/300/299 627/250/250
f 627/250/250 94/300/299 269/53/53
f 9/577/545 290/109/109 591/277/276
f 292/203/203 206/498/478 101/320/319
f 101/320/319 202/319/318 292/203/203
f 179/343/342 50/101/101 293/100/100
f 179/343/342 381/228/228 39/467/452
f 38/384/380 87/127/127 295/385/381
f 641/140/140 87/127/127 42/141/141
f 296/14/14 413/578/546 165/276/275
f 296/14/14 13/287/286 583/332/331
f 88/579/547 573/580/282 72/474/57
f 573/580/282 88/579/547 98/70/70
f 219/429/418 298/581/548 10/1/1
f 298/581/548 112/2/2 10/1/1
f 511/108/108 227/582/549 342/106/106
f 490/583/550 299/118/118 107/575/543
f 14/306/305 299/118/118 490/583/550
f 300/584/551 183/585/552 103/135/135
f 251/351/348 533/9/9 103/135/135
f 301/586/553 41/313/312 169/315/314
f 575/587/554 301/586/553 169/315/314
f 506/461/446 34/112/112 361/588/555
f 550/589/556 487/438/425 34/112/112
f 527/590/557 2/325/324 460/591/558
f 527/590/557 107/575/543 2/325/324
f 422/245/245 582/247/247 309/79/79
f 309/79/79 297/244/244 23/309/308
f 24/156/156 311/158/158 159/364/361
f 312/201/201 259/378/375 329/200/200
f 322/559/531 617/592/559 133/560/532
f 64/233/233 454/219/219 313/145/145
f 309/79/79 592/593/560 313/145/145
f 314/59/59 105/359/356 121/594/561
f 93/595/562 315/529/504 319/596/563
f 315/529/504 558/597/564 226/294/293
f 187/598/565 353/299/298 316/298/297
f 497/249/249 316/298/297 627/250/250
f 102/322/321 91/76/76 317/599/566
f 2/325/324 456/324/323 460/591/558
f 201/492/456 318/600/567 340/493/473
f 319/596/563 69/235/235 539/420/409
f 315/529/504 69/235/235 319/596/563
f 254/150/150 115/252/252 320/151/151
f 321/240/240 67/242/242 71/601/568
f 378/494/474 71/601/568 559/215/215
f 322/559/531 259/378/375 312/201/201
f 459/122/122 259/378/375 322/559/531
f 115/252/252 44/180/180 323/303/302
f 320/151/151 115/252/252 323/303/302
f 292/203/203 324/202/202 47/337/336
f 211/260/260 47/337/336 488/206/206
f 219/429/418 10/1/1 326/274/273
f 84/273/60 518/381/377 326/274/273
f 229/534/509 280/602/569 327/532/507
f 280/602/569 67/242/242 327/532/507
f 461/603/570 328/62/62 22/64/64
f 328/62/62 545/132/132 526/131/131
f 198/96/96 596/486/467 329/200/200
f 198/96/96 329/200/200 372/377/374
f 605/485/466 566/46/46 112/2/2
f 605/485/466 154/336/335 108/604/571
f 332/295/294 226/294/293 59/605/572
f 204/130/130 332/295/294 59/605/572
f 32/147/147 265/231/231 333/565/537
f 334/606/573 124/557/529 501/607/574
f 334/606/573 501/607/574 63/608/575
f 641/140/140 335/139/139 481/281/280
f 475/19/19 341/454/440 535/609/576
f 461/603/570 545/132/132 328/62/62
f 337/610/274 89/52/52 84/60/60
f 269/53/53 89/52/52 514/507/485
f 75/446/433 476/611/577 354/447/434
f 339/516/491 218/99/99 37/514/71
f 218/99/99 339/516/491 394/97/97
f 640/491/472 340/493/473 160/144/144
f 160/144/144 340/493/473 318/600/567
f 341/454/440 458/453/439 35/612/578
f 535/609/576 341/454/440 35/612/578
f 345/358/355 116/357/354 342/106/106
f 342/106/106 116/357/354 557/107/107
f 343/613/579 9/577/545 591/277/276
f 165/276/275 413/578/546 343/613/579
f 639/614/580 200/365/362 493/615/581
f 121/594/561 105/359/356 345/358/355
f 487/438/425 550/589/556 345/436/355
f 556/542/514 465/353/350 248/355/352
f 347/105/105 423/104/104 207/500/480
f 46/161/161 347/105/105 207/500/480
f 132/616/582 348/167/167 151/617/583
f 151/617/583 348/167/167 403/418/407
f 131/154/154 349/383/379 52/208/208
f 619/618/584 52/208/208 349/383/379
f 144/512/124 350/619/123 51/513/490
f 352/183/183 528/390/386 135/572/541
f 110/34/34 425/288/287 135/572/541
f 597/223/223 353/299/298 22/64/64
f 354/447/434 338/399/391 620/401/393
f 168/27/27 354/447/434 70/30/30
f 355/184/184 79/349/346 240/348/345
f 564/620/585 355/184/184 352/183/183
f 537/497/477 292/203/203 377/338/337
f 277/68/68 98/70/70 357/308/307
f 357/308/307 98/70/70 88/579/547
f 358/621/586 397/373/370 70/30/30
f 354/447/434 358/621/586 70/30/30
f 162/331/330 359/345/344 106/431/420
f 355/346/184 359/345/344 618/622/185
f 153/239/239 246/623/587 360/624/588
f 153/239/239 539/420/409 18/237/237
f 51/513/490 529/470/455 273/527/502
f 350/619/123 529/470/455 51/513/490
f 305/44/44 261/114/114 361/588/555
f 305/44/44 487/438/425 586/625/589
f 362/189/189 196/483/461 431/92/92
f 479/478/462 196/477/461 362/626/189
f 543/394/388 138/393/387 363/392/33
f 8/13/13 363/392/33 635/627/32
f 364/628/590 599/340/339 15/314/313
f 603/629/591 428/116/116 217/630/592
f 603/629/591 144/512/124 630/631/593
f 366/330/329 155/632/594 215/229/229
f 366/330/329 385/6/6 155/632/594
f 71/601/568 67/242/242 367/388/384
f 113/18/18 368/20/20 54/432/421
f 89/52/52 194/633/595 369/61/61
f 243/225/225 369/61/61 194/633/595
f 370/316/315 375/634/596 100/304/303
f 262/194/194 579/327/326 371/195/195
f 372/377/374 29/94/94 198/96/96
f 500/376/373 372/377/374 259/378/375
f 206/498/478 350/123/123 373/125/125
f 206/498/478 373/125/125 36/321/320
f 11/169/169 171/168/168 593/177/177
f 375/634/596 174/291/290 184/290/289
f 375/634/596 184/290/289 100/304/303
f 39/467/452 90/490/471 376/635/597
f 179/343/342 39/467/452 376/635/597
f 321/240/240 71/601/568 378/494/474
f 321/240/240 378/494/474 202/319/318
f 379/636/598 235/374/371 397/373/370
f 379/636/598 291/637/599 235/374/371
f 380/412/401 276/263/263 80/205/205
f 380/412/401 80/205/205 398/84/84
f 381/228/228 293/100/100 215/229/229
f 381/228/228 179/343/342 293/100/100
f 382/410/399 43/369/366 145/409/398
f 383/11/11 538/279/278 536/12/12
f 86/15/15 383/11/11 543/394/388
f 384/74/74 91/76/76 272/246/246
f 384/74/74 272/246/246 422/245/245
f 33/50/50 40/553/525 386/530/505
f 225/48/48 33/50/50 386/530/505
f 387/360/357 421/111/111 68/232/232
f 621/638/600 255/408/397 588/556/528
f 282/564/536 264/563/535 388/522/497
f 264/563/535 221/523/498 388/522/497
f 172/212/212 234/211/211 389/455/441
f 229/534/509 172/212/212 389/455/441
f 390/444/431 42/141/141 228/179/179
f 42/141/141 443/639/601 335/139/139
f 148/413/402 392/415/404 242/416/405
f 185/543/515 242/416/405 392/415/404
f 76/254/254 393/90/90 439/89/89
f 624/482/464 393/90/90 76/254/254
f 312/201/201 521/98/98 394/97/97
f 395/143/143 390/640/431 167/641/430
f 160/144/144 395/143/143 640/491/472
f 245/375/372 128/28/28 397/373/370
f 70/30/30 397/373/370 128/28/28
f 398/84/84 80/205/205 483/207/207
f 151/617/583 403/418/407 483/207/207
f 496/642/602 638/558/530 399/136/136
f 401/16/16 507/457/443 7/464/449
f 437/17/17 401/16/16 7/464/449
f 175/463/448 4/35/35 402/421/410
f 110/34/34 499/643/603 4/35/35
f 398/84/84 483/207/207 403/418/407
f 403/418/407 256/85/85 398/84/84
f 224/301/300 404/475/459 95/133/133
f 405/644/604 532/521/496 517/645/605
f 532/521/496 557/107/107 560/356/353
f 280/602/569 134/335/334 406/389/385
f 406/389/385 67/242/242 280/602/569
f 472/466/451 408/526/501 222/524/499
f 556/542/514 411/541/513 241/646/606
f 440/226/226 243/225/225 410/546/518
f 243/225/225 194/633/595 410/546/518
f 411/541/513 131/154/154 409/181/181
f 241/646/606 411/541/513 409/181/181
f 412/561/533 27/196/196 262/194/194
f 57/160/160 412/561/533 417/103/103
f 413/578/546 296/14/14 583/332/331
f 414/417/406 175/463/448 402/421/410
f 114/134/134 415/505/484 434/352/349
f 95/133/133 415/505/484 114/134/134
f 18/237/237 551/387/383 236/280/279
f 236/280/279 551/387/383 641/140/140
f 262/194/194 417/103/103 412/561/533
f 417/103/103 262/194/194 250/193/193
f 534/520/495 424/251/251 420/518/493
f 420/518/493 12/24/24 607/297/296
f 421/111/111 25/362/359 467/511/489
f 25/362/359 421/111/111 387/360/357
f 309/79/79 23/309/308 422/245/245
f 23/309/308 384/74/74 422/245/245
f 616/216/216 250/193/193 136/549/521
f 420/518/493 424/251/251 12/24/24
f 12/24/24 424/251/251 604/29/29
f 425/288/287 352/183/183 135/572/541
f 425/288/287 564/620/585 352/183/183
f 126/23/23 432/255/255 426/372/369
f 450/54/54 426/372/369 16/55/55
f 6/7/7 427/402/394 141/8/8
f 512/647/607 141/8/8 427/402/394
f 144/512/124 239/259/259 630/631/593
f 630/631/593 239/259/259 78/117/117
f 518/381/377 435/380/376 429/648/608
f 210/67/67 477/93/93 431/92/92
f 431/92/92 28/187/187 210/67/67
f 432/255/255 283/218/218 16/55/55
f 432/255/255 16/55/55 426/372/369
f 634/77/77 282/564/536 433/78/78
f 282/564/536 20/243/243 433/78/78
f 211/260/260 80/205/205 434/352/349
f 415/505/484 211/260/260 434/352/349
f 435/379/376 369/61/61 606/224/224
f 606/649/224 429/648/608 435/380/376
f 508/650/285 437/17/17 120/651/609
f 437/17/17 7/464/449 120/651/609
f 635/627/32 285/571/540 438/186/186
f 438/186/186 8/13/13 635/627/32
f 44/180/180 115/252/252 439/89/89
f 439/89/89 409/181/181 44/180/180
f 440/226/226 410/546/518 150/652/610
f 109/468/453 441/423/412 180/41/41
f 441/423/412 156/42/42 180/41/41
f 42/141/141 390/444/431 443/639/601
f 622/445/432 390/640/431 395/143/143
f 179/343/342 166/428/417 444/344/343
f 161/430/419 444/344/343 166/428/417
f 601/653/611 446/531/506 118/654/612
f 446/531/506 601/653/611 150/652/610
f 442/45/45 448/293/292 525/43/43
f 92/113/113 448/293/292 184/290/289
f 598/329/328 449/4/4 366/330/329
f 27/537/196 449/4/4 104/655/197
f 263/562/534 450/54/54 173/451/437
f 260/172/172 450/54/54 263/562/534
f 510/25/25 12/24/24 17/272/272
f 453/422/411 149/82/82 402/421/410
f 453/422/411 600/448/435 149/82/82
f 255/408/397 454/219/219 588/556/528
f 255/408/397 530/220/220 454/219/219
f 28/187/187 455/484/465 584/188/188
f 455/484/465 28/187/187 431/92/92
f 102/515/321 317/656/566 456/324/323
f 549/326/325 102/515/321 456/324/323
f 268/487/468 117/361/358 457/234/234
f 268/487/468 457/234/234 64/233/233
f 458/657/439 240/348/345 391/350/347
f 113/18/18 240/347/345 458/453/439
f 129/576/544 462/120/120 133/560/532
f 299/118/118 462/120/120 129/576/544
f 460/591/558 456/324/323 317/656/566
f 524/126/126 585/658/75 384/567/74
f 304/157/157 545/132/132 461/603/570
f 304/157/157 461/603/570 311/158/158
f 462/120/120 351/119/119 459/122/122
f 459/122/122 322/559/531 462/120/120
f 464/267/267 83/659/613 137/236/236
f 83/659/613 464/267/267 509/269/269
f 473/317/316 100/304/303 184/290/289
f 247/425/414 170/366/363 466/95/95
f 170/366/363 596/486/467 466/95/95
f 188/278/277 421/111/111 467/511/489
f 538/279/278 188/278/277 536/12/12
f 469/241/241 202/319/318 274/318/317
f 195/86/86 492/395/389 471/22/22
f 580/21/21 195/86/86 471/22/22
f 472/466/451 284/265/265 516/462/447
f 222/524/499 284/265/265 472/466/451
f 81/217/217 468/152/152 473/317/316
f 475/19/19 470/227/227 281/570/539
f 354/447/434 476/611/577 338/399/391
f 338/399/391 476/611/577 140/400/392
f 74/66/66 187/598/565 477/93/93
f 210/67/67 74/66/66 477/93/93
f 154/336/335 478/660/614 590/661/615
f 478/660/614 154/336/335 605/485/466
f 479/478/462 26/456/442 234/211/211
f 200/365/362 232/268/268 480/266/266
f 464/267/267 480/266/266 232/268/268
f 535/662/576 35/663/578 481/281/280
f 181/129/129 279/128/128 482/414/403
f 482/414/403 223/528/503 181/129/129
f 483/207/207 615/664/616 58/204/204
f 58/204/204 151/617/583 483/207/207
f 233/191/191 485/449/436 203/192/192
f 171/168/168 485/459/436 233/538/191
f 131/154/154 96/302/301 486/182/182
f 486/182/182 96/302/301 323/303/302
f 361/588/555 34/112/112 487/438/425
f 361/588/555 487/438/425 305/44/44
f 615/664/616 47/337/336 324/202/202
f 324/202/202 58/204/204 615/664/616
f 366/330/329 215/229/229 489/328/327
f 215/665/229 576/510/488 489/406/327
f 288/307/306 490/583/550 569/574/542
f 14/306/305 490/583/550 288/307/306
f 146/411/400 398/84/84 491/83/83
f 491/83/83 419/270/270 146/411/400
f 139/253/253 254/150/150 492/481/389
f 76/254/254 139/253/253 492/481/389
f 49/175/175 494/174/174 203/192/192
f 595/666/617 494/174/174 244/264/264
f 495/476/460 192/667/618 95/133/133
f 187/598/565 316/298/297 497/249/249
f 497/249/249 477/93/93 187/598/565
f 498/284/283 10/1/1 437/17/17
f 508/650/285 498/284/283 437/17/17
f 4/35/35 499/643/603 402/421/410
f 402/421/410 499/643/603 205/31/31
f 372/377/374 625/426/415 29/94/94
f 625/426/415 466/95/95 29/94/94
f 501/607/574 124/557/529 45/368/365
f 502/668/487 214/508/486 337/610/274
f 289/285/284 214/508/486 508/286/285
f 229/534/509 389/455/441 636/535/510
f 504/544/516 279/128/128 38/384/380
f 203/192/192 505/495/475 302/190/190
f 203/192/192 494/174/174 505/495/475
f 261/114/114 506/461/446 361/588/555
f 261/114/114 174/291/290 506/461/446
f 401/16/16 176/3/3 507/457/443
f 507/457/443 176/3/3 257/47/47
f 214/508/486 502/668/487 508/286/285
f 508/650/285 502/509/487 498/284/283
f 509/269/269 185/543/515 504/544/516
f 185/543/515 509/269/269 242/416/405
f 512/647/607 147/669/619 629/670/620
f 394/97/97 339/516/491 513/671/621
f 549/326/325 339/516/491 102/515/321
f 337/610/274 514/507/485 89/52/52
f 337/610/274 214/508/486 514/507/485
f 515/258/258 148/413/402 242/416/405
f 284/265/265 77/39/39 516/462/447
f 19/38/38 516/462/447 77/39/39
f 532/521/496 221/523/498 517/645/605
f 523/672/622 517/645/605 221/523/498
f 518/381/377 219/429/418 326/274/273
f 219/429/418 518/381/377 429/648/608
f 209/504/483 519/81/81 85/80/80
f 519/81/81 209/504/483 414/417/406
f 522/271/271 245/375/372 419/270/270
f 522/271/271 128/28/28 245/375/372
f 524/126/126 460/591/558 585/658/75
f 307/69/69 460/591/558 524/126/126
f 448/293/292 92/113/113 525/43/43
f 525/43/43 92/113/113 305/44/44
f 526/131/131 21/63/63 328/62/62
f 307/69/69 527/590/557 460/591/558
f 277/68/68 571/333/332 307/69/69
f 528/673/386 162/331/330 13/287/286
f 528/673/386 13/287/286 285/571/540
f 43/369/366 313/145/145 530/220/220
f 145/409/398 43/369/366 530/220/220
f 531/536/88 393/480/90 231/5/5
f 449/4/4 531/536/88 231/5/5
f 141/8/8 300/584/551 533/9/9
f 533/9/9 300/584/551 103/135/135
f 420/518/493 220/517/492 534/520/495
f 552/674/623 534/520/495 220/517/492
f 335/139/139 535/662/576 481/281/280
f 188/278/277 467/511/489 536/12/12
f 208/10/10 536/12/12 467/511/489
f 383/11/11 86/15/15 538/279/278
f 86/15/15 165/276/275 538/279/278
f 153/239/239 360/624/588 539/420/409
f 360/624/588 319/596/563 539/420/409
f 111/342/341 540/310/309 599/340/339
f 222/524/499 540/310/309 111/342/341
f 541/282/281 88/579/547 72/474/57
f 546/257/257 357/308/307 88/579/547
f 8/13/13 86/15/15 543/394/388
f 363/392/33 8/13/13 543/394/388
f 232/268/268 159/364/361 544/65/65
f 159/364/361 311/158/158 544/65/65
f 545/132/132 304/157/157 336/675/624
f 541/282/281 546/257/257 88/579/547
f 541/282/281 77/39/39 546/257/257
f 463/73/73 547/323/322 37/71/71
f 37/71/71 547/323/322 102/322/321
f 450/54/54 548/56/56 173/451/437
f 365/452/438 173/451/437 548/56/56
f 2/325/324 513/671/621 549/326/325
f 513/671/621 339/516/491 549/326/325
f 345/436/355 550/589/556 121/676/561
f 551/387/383 18/237/237 416/540/512
f 75/446/433 552/674/623 476/611/577
f 552/674/623 75/446/433 534/520/495
f 553/427/416 55/115/115 78/117/117
f 210/67/67 55/115/115 553/427/416
f 547/323/322 554/677/625 91/76/76
f 199/289/288 91/76/76 554/677/625
f 505/495/475 31/678/626 555/496/476
f 346/499/479 465/353/350 556/542/514
f 241/646/606 346/499/479 556/542/514
f 557/107/107 532/521/496 405/644/604
f 557/107/107 405/644/604 511/108/108
f 558/597/564 315/529/504 93/595/562
f 58/204/204 559/215/215 151/617/583
f 151/617/583 559/215/215 71/601/568
f 314/59/59 560/356/353 105/359/356
f 105/359/356 560/356/353 116/357/354
f 480/266/266 127/165/165 561/296/295
f 127/165/165 587/164/164 561/296/295
f 32/147/147 562/149/149 68/232/232
f 255/408/397 621/638/600 562/149/149
f 564/620/585 79/349/346 355/184/184
f 79/349/346 564/620/585 287/472/457
f 566/46/46 108/604/571 257/47/47
f 605/485/466 108/604/571 566/46/46
f 567/49/49 545/132/132 252/554/526
f 33/50/50 567/49/49 252/554/526
f 569/574/542 490/583/550 107/575/543
f 569/574/542 107/575/543 527/590/557
f 194/633/595 89/52/52 570/51/51
f 570/51/51 410/546/518 194/633/595
f 571/333/332 569/574/542 527/590/557
f 571/333/332 527/590/557 307/69/69
f 572/222/222 410/546/518 574/545/517
f 65/479/463 597/223/223 572/222/222
f 20/243/243 573/283/282 297/244/244
f 573/580/282 98/70/70 297/568/244
f 572/222/222 574/545/517 65/479/463
f 570/51/51 65/479/463 574/545/517
f 169/315/314 253/312/311 575/587/554
f 99/555/527 575/587/554 253/312/311
f 30/404/102 142/403/395 576/510/488
f 215/665/229 30/404/102 576/510/488
f 576/510/488 142/403/395 579/327/326
f 371/195/195 579/327/326 142/403/395
f 195/86/86 580/21/21 271/87/87
f 271/87/87 638/558/530 496/642/602
f 298/581/548 219/429/418 581/440/427
f 298/581/548 581/440/427 112/2/2
f 582/247/247 199/289/288 64/233/233
f 313/145/145 592/593/560 64/233/233
f 583/332/331 162/331/330 106/431/420
f 583/332/331 106/431/420 413/578/546
f 584/188/188 455/484/465 217/630/592
f 584/188/188 217/630/592 428/116/116
f 317/599/566 91/76/76 585/75/75
f 585/658/75 460/591/558 317/656/566
f 586/625/589 487/438/425 213/435/424
f 587/164/164 226/294/293 561/296/295
f 315/529/504 226/294/293 587/164/164
f 588/556/528 117/361/358 387/360/357
f 588/556/528 387/360/357 621/638/600
f 484/334/333 154/336/335 590/661/615
f 165/276/275 343/613/579 591/277/276
f 538/279/278 165/276/275 591/277/276
f 64/233/233 592/593/560 582/247/247
f 592/593/560 309/79/79 582/247/247
f 56/176/176 374/679/627 593/177/177
f 11/169/169 593/177/177 374/679/627
f 131/154/154 451/210/210 594/155/155
f 505/495/475 595/666/617 31/678/626
f 494/174/174 595/666/617 505/495/475
f 596/501/467 122/391/364 138/393/387
f 170/366/363 122/367/364 596/486/467
f 597/223/223 65/479/463 94/300/299
f 597/223/223 94/300/299 353/299/298
f 598/329/328 104/655/197 449/4/4
f 104/655/197 598/329/328 489/328/327
f 599/340/339 169/315/314 15/314/313
f 253/312/311 169/315/314 599/340/339
f 601/653/611 440/226/226 150/652/610
f 440/226/226 601/653/611 118/654/612
f 146/411/400 602/434/423 163/261/261
f 12/24/24 604/29/29 17/272/272
f 604/29/29 128/28/28 17/272/272
f 605/485/466 197/439/426 330/442/429
f 605/485/466 330/442/429 478/660/614
f 130/680/628 606/224/224 440/226/226
f 429/648/608 606/649/224 130/681/628
f 420/518/493 607/297/296 612/519/494
f 310/26/26 612/519/494 607/297/296
f 175/463/448 608/682/629 396/36/36
f 436/311/310 609/683/630 99/555/527
f 610/170/170 263/562/534 48/460/445
f 48/460/445 171/168/168 610/170/170
f 273/527/502 529/470/455 611/469/454
f 228/179/179 273/527/502 611/469/454
f 109/468/453 204/130/130 613/684/631
f 59/605/572 226/294/293 614/685/632
f 558/597/564 614/685/632 226/294/293
f 488/206/206 47/337/336 615/664/616
f 488/206/206 615/664/616 483/207/207
f 616/216/216 423/104/104 417/103/103
f 616/216/216 136/549/521 423/104/104
f 322/559/531 312/201/201 617/592/559
f 617/592/559 312/201/201 394/97/97
f 618/622/185 162/331/330 528/673/386
f 162/331/330 618/622/185 359/345/344
f 5/382/378 619/618/584 349/383/379
f 354/447/434 620/401/393 358/621/586
f 68/232/232 562/149/149 621/638/600
f 68/232/232 621/638/600 387/360/357
f 443/639/601 390/444/431 622/686/432
f 623/569/538 97/305/304 571/333/332
f 624/482/464 492/481/389 195/687/86
f 195/687/86 393/90/90 624/482/464
f 625/426/415 372/377/374 500/376/373
f 247/425/414 625/426/415 500/376/373
f 215/229/229 155/632/594 626/230/230
f 164/248/248 627/250/250 289/285/284
f 289/285/284 627/250/250 269/53/53
f 172/212/212 229/534/509 628/533/508
f 147/669/619 382/410/399 629/670/620
f 629/670/620 382/410/399 145/409/398
f 630/631/593 428/116/116 603/629/591
f 428/116/116 630/631/593 78/117/117
f 631/166/166 348/167/167 132/616/582
f 632/370/367 125/146/146 43/369/366
f 631/166/166 132/616/582 633/688/633
f 632/370/367 634/77/77 125/146/146
f 125/146/146 634/77/77 309/79/79
f 503/458/444 229/534/509 636/535/510
f 503/458/444 636/535/510 26/456/442
f 254/150/150 637/397/390 492/481/389
f 254/150/150 81/217/217 637/397/390
f 580/21/21 126/23/23 638/558/530
f 271/87/87 580/21/21 638/558/530
f 304/157/157 24/156/156 639/614/580
f 200/365/362 639/614/580 24/156/156
f 167/641/430 201/492/456 640/491/472
f 167/641/430 640/491/472 395/143/143
f 87/127/127 641/140/140 295/385/381
f 641/140/140 551/387/383 295/385/381
f 599/340/339 364/628/590 642/341/340
f 481/281/280 643/689/634 236/280/279
f 458/657/439 643/689/634 35/663/578
f 18/237/237 643/689/634 189/238/238
f 643/689/634 18/237/237 236/280/279
f 308/473/458 189/238/238 643/689/634
f 391/350/347 308/473/458 643/689/634
f 458/657/439 391/350/347 643/689/634
f 35/663/578 643/689/634 481/281/280
f 95/133/133 644/690/635 415/505/484
f 95/133/133 192/667/618 644/690/635
f 192/667/618 119/691/636 644/690/635
f 520/363/360 644/690/635 119/691/636
f 415/505/484 644/690/635 520/363/360
f 578/58/58 645/692/637 314/59/59
f 314/59/59 645/692/637 560/356/353
f 560/356/353 645/692/637 532/521/496
f 388/522/497 532/521/496 645/692/637
f 20/243/243 282/564/536 646/693/638
f 646/693/638 282/564/536 388/522/497
f 578/58/58 20/243/243 646/693/638
f 578/58/58 646/693/638 645/692/637
f 646/693/638 388/522/497 645/692/637
f 56/176/176 647/694/639 374/679/627
f 647/694/639 325/695/640 374/679/627
f 647/694/639 517/645/605 523/672/622
f 56/176/176 517/645/605 647/694/639
f 397/373/370 325/695/640 648/696/641
f 397/373/370 648/696/641 379/636/598
f 325/695/640 647/694/639 648/696/641
f 649/697/642 291/637/599 379/636/598
f 647/694/639 523/672/622 649/697/642
f 648/696/641 649/697/642 379/636/598
f 649/697/642 648/696/641 647/694/639
f 650/698/643 221/523/498 264/563/535
f 650/698/643 523/672/622 221/523/498
f 650/698/643 291/637/599 649/697/642
f 650/698/643 649/697/642 523/672/622
f 651/699/644 397/373/370 358/621/586
f 620/401/393 143/407/396 651/699/644
f 651/699/644 11/169/169 374/679/627
f 397/373/370 651/699/644 325/695/640
f 374/679/627 325/695/640 651/699/644
f 620/401/393 651/699/644 358/621/586
f 174/291/290 375/634/596 652/700/645
f 1/153/153 652/700/645 370/316/315
f 652/700/645 506/461/446 174/291/290
f 1/153/153 594/155/155 652/700/645
f 375/634/596 370/316/315 652/700/645
f 594/155/155 451/210/210 653/701/646
f 506/461/446 652/700/645 653/701/646
f 652/700/645 594/155/155 653/701/646
f 506/461/446 654/702/647 178/465/450
f 178/465/450 654/702/647 408/526/501
f 506/461/446 653/701/646 654/702/647
f 653/701/646 451/210/210 654/702/647
f 655/703/648 540/310/309 222/524/499
f 655/703/648 436/311/310 540/310/309
f 609/683/630 436/311/310 656/704/649
f 436/311/310 655/703/648 656/704/649
f 642/341/340 657/705/650 111/342/341
f 111/342/341 657/705/650 82/525/500
f 82/525/500 657/705/650 249/706/651
f 657/705/650 407/707/652 249/706/651
f 658/708/653 41/313/312 301/586/553
f 306/709/654 658/708/653 301/586/553
f 563/424/413 445/433/422 658/708/653
f 306/709/654 563/424/413 658/708/653
f 344/503/482 659/710/655 613/684/631
f 109/468/453 613/684/631 659/710/655
f 41/313/312 659/710/655 15/314/313
f 418/552/524 493/615/581 660/711/656
f 660/711/656 200/365/362 561/296/295
f 660/711/656 493/615/581 200/365/362
f 336/675/624 304/157/157 661/712/657
f 304/157/157 639/614/580 661/712/657
f 661/712/657 639/614/580 493/615/581
f 69/235/235 315/529/504 662/713/658
f 137/236/236 662/713/658 464/267/267
f 69/235/235 662/713/658 137/236/236
f 662/713/658 542/163/163 464/267/267
f 542/163/163 662/713/658 315/529/504
f 120/651/609 7/464/449 663/714/659
f 663/714/659 362/626/189 120/651/609
f 663/714/659 7/464/449 26/456/442
f 26/456/442 479/478/462 663/714/659
f 663/714/659 479/478/462 362/626/189
f 509/269/269 664/715/660 83/659/613
f 664/715/660 137/236/236 83/659/613
f 504/544/516 664/715/660 509/269/269
f 447/386/382 664/715/660 38/384/380
f 504/544/516 38/384/380 664/715/660
f 664/715/660 416/540/512 137/236/236
f 551/387/383 416/540/512 664/715/660
f 447/386/382 551/387/383 664/715/660
f 335/139/139 443/639/601 665/716/661
f 665/717/661 475/19/19 535/609/576
f 665/717/661 622/445/432 470/227/227
f 470/227/227 475/19/19 665/717/661
f 535/662/576 335/139/139 665/716/661
f 665/716/661 443/639/601 622/686/432
f 239/259/259 51/513/490 666/718/662
f 51/513/490 223/528/503 666/718/662
f 223/528/503 482/414/403 666/718/662
f 666/718/662 482/414/403 148/413/402
f 148/413/402 515/258/258 666/718/662
f 239/259/259 666/718/662 515/258/258
f 201/492/456 667/719/663 318/600/567
f 529/470/455 667/720/663 201/471/456
f 529/470/455 350/619/123 667/720/663
f 119/691/636 318/600/567 668/721/664
f 119/691/636 668/721/664 520/363/360
f 520/363/360 668/721/664 377/338/337
f 667/719/663 668/721/664 318/600/567
f 667/719/663 350/123/123 668/721/664
f 668/721/664 350/123/123 206/498/478
f 537/497/477 377/338/337 668/721/664
f 668/721/664 206/498/478 537/497/477
f 67/242/242 469/241/241 669/722/665
f 669/722/665 327/532/507 67/242/242
f 274/318/317 669/722/665 469/241/241
f 172/212/212 669/722/665 474/213/213
f 274/318/317 474/213/213 669/722/665
f 669/722/665 628/533/508 327/532/507
f 172/212/212 628/533/508 669/722/665
f 257/47/47 108/604/571 670/723/666
f 154/336/335 134/335/334 670/723/666
f 670/723/666 108/604/571 154/336/335
f 670/723/666 280/602/569 229/534/509
f 670/723/666 134/335/334 280/602/569
f 670/723/666 503/458/444 257/47/47
f 503/458/444 670/723/666 229/534/509
f 71/601/568 671/724/667 151/617/583
f 367/388/384 134/335/334 671/724/667
f 671/724/667 132/616/582 151/617/583
f 331/502/481 633/688/633 671/724/667
f 671/724/667 134/335/334 331/502/481
f 671/724/667 71/601/568 367/388/384
f 633/688/633 132/616/582 671/724/667
f 124/557/529 672/725/668 256/85/85
f 510/25/25 17/272/272 672/725/668
f 310/26/26 510/25/25 672/725/668
f 17/272/272 568/159/159 672/725/668
f 672/725/668 568/159/159 256/85/85
f 673/726/669 612/519/494 310/26/26
f 612/519/494 673/726/669 303/441/428
f 334/606/573 674/727/670 124/557/529
f 674/727/670 672/725/668 124/557/529
f 674/727/670 310/26/26 672/725/668
f 310/26/26 674/727/670 673/726/669
f 63/608/575 675/728/671 334/606/573
f 674/727/670 334/606/573 675/728/671
f 675/728/671 673/726/669 674/727/670
f 303/441/428 673/726/669 676/729/672
f 673/726/669 675/728/671 676/729/672
f 376/635/597 90/490/471 677/730/673
f 677/730/673 179/343/342 376/635/597
f 90/490/471 266/489/470 677/730/673
f 677/730/673 266/489/470 612/519/494
f 677/730/673 612/519/494 303/441/428
f 303/441/428 166/428/417 677/730/673
f 179/343/342 677/730/673 166/428/417
f 678/731/674 90/490/471 39/467/452
f 678/731/674 66/488/469 90/490/471
f 626/230/230 678/731/674 39/467/452
f 271/87/87 496/642/602 678/731/674
f 385/6/6 678/731/674 155/632/594
f 385/6/6 271/87/87 678/731/674
f 496/642/602 66/488/469 678/731/674
f 678/731/674 626/230/230 155/632/594
f 679/732/675 346/499/479 241/646/606
f 679/732/675 439/89/89 531/88/88
f 679/732/675 409/181/181 439/89/89
f 346/499/479 679/732/675 46/161/161
f 679/732/675 237/162/162 46/161/161
f 237/162/162 679/732/675 531/88/88
f 409/181/181 679/732/675 241/646/606
f 140/400/392 680/733/676 123/138/138
f 476/611/577 680/733/676 140/400/392
f 680/733/676 399/136/136 123/138/138
f 552/674/623 680/733/676 476/611/577
f 681/734/677 140/400/392 123/138/138
f 681/734/677 143/407/396 140/400/392
f 430/171/171 681/734/677 123/138/138
f 430/171/171 11/169/169 681/734/677
f 11/169/169 651/699/644 681/734/677
f 681/734/677 651/699/644 143/407/396
f 320/151/151 323/303/302 682/735/678
f 468/152/152 320/151/151 682/735/678
f 473/317/316 468/152/152 682/735/678
f 682/735/678 323/303/302 100/304/303
f 100/304/303 473/317/316 682/735/678
f 595/666/617 244/264/264 683/736/679
f 683/736/679 305/44/44 586/625/589
f 595/666/617 683/736/679 31/678/626
f 244/264/264 442/45/45 683/736/679
f 442/45/45 305/44/44 683/736/679
f 684/737/680 227/738/549 555/496/476
f 227/738/549 684/737/680 342/437/106
f 213/435/424 342/437/106 684/737/680
f 684/737/680 555/496/476 31/678/626
f 586/625/589 213/435/424 684/737/680
f 31/678/626 683/736/679 684/737/680
f 683/736/679 586/625/589 684/737/680
f 121/594/561 685/739/681 314/59/59
f 685/740/681 550/589/556 34/112/112
f 685/739/681 72/57/57 314/59/59
f 34/112/112 191/37/37 685/740/681
f 685/740/681 191/37/37 72/474/57
f 685/740/681 121/676/561 550/589/556
f 60/262/262 190/741/682 686/742/683
f 686/742/683 512/647/607 427/402/394
f 60/262/262 686/742/683 427/402/394
f 147/669/619 512/647/607 686/742/683
f 145/409/398 255/408/397 687/743/684
f 512/647/607 629/670/620 687/743/684
f 687/743/684 255/408/397 53/148/148
f 629/670/620 145/409/398 687/743/684
f 512/647/607 688/744/685 141/8/8
f 688/744/685 300/584/551 141/8/8
f 300/584/551 688/744/685 183/585/552
f 333/565/537 183/585/552 688/744/685
f 688/744/685 53/148/148 32/147/147
f 32/147/147 333/565/537 688/744/685
f 512/647/607 687/743/684 688/744/685
f 687/743/684 53/148/148 688/744/685
f 689/745/686 268/487/468 199/289/288
f 547/323/322 463/73/73 689/745/686
f 554/677/625 689/745/686 199/289/288
f 547/323/322 689/745/686 554/677/625
f 690/746/687 513/671/621 2/325/324
f 107/575/543 690/746/687 2/325/324
f 107/575/543 129/576/544 690/746/687
f 513/671/621 690/746/687 394/97/97
f 690/746/687 617/592/559 394/97/97
f 133/560/532 617/592/559 690/746/687
f 129/576/544 133/560/532 690/746/687
f 233/538/191 691/747/688 56/176/176
f 691/748/688 555/496/476 227/738/549
f 233/191/191 302/190/190 691/748/688
f 302/190/190 555/496/476 691/748/688
f 227/582/549 511/108/108 691/747/688
f 204/130/130 294/40/40 692/749/689
f 561/296/295 332/295/294 692/749/689
f 332/295/294 204/130/130 692/749/689
f 294/40/40 40/553/525 692/749/689
f 692/749/689 40/553/525 418/552/524
f 692/749/689 660/711/656 561/296/295
f 692/749/689 418/552/524 660/711/656
f 693/750/690 493/615/581 418/552/524
f 693/750/690 418/552/524 252/554/526
f 545/132/132 693/750/690 252/554/526
f 545/132/132 336/675/624 693/750/690
f 336/675/624 661/712/657 693/750/690
f 661/712/657 493/615/581 693/750/690
f 694/751/691 74/66/66 544/65/65
f 694/751/691 353/299/298 187/598/565
f 694/751/691 187/598/565 74/66/66
f 311/158/158 695/752/692 544/65/65
f 695/752/692 694/751/691 544/65/65
f 461/603/570 22/64/64 695/752/692
f 461/603/570 695/752/692 311/158/158
f 353/299/298 695/752/692 22/64/64
f 695/752/692 353/299/298 694/751/691
f 696/753/693 120/651/609 362/626/189
f 696/753/693 508/650/285 120/651/609
f 696/754/693 164/248/248 508/286/285
f 3/91/91 164/248/248 696/754/693
f 696/754/693 362/189/189 3/91/91
f 697/755/694 130/680/628 440/226/226
f 697/755/694 440/226/226 118/654/612
f 161/430/419 219/429/418 697/756/694
f 219/429/418 429/648/608 697/756/694
f 161/430/419 697/756/694 50/101/101
f 130/681/628 697/756/694 429/648/608
f 697/755/694 142/403/395 589/405/178
f 589/178/178 50/101/101 697/756/694
f 698/757/695 278/551/523 371/195/195
f 565/550/522 278/551/523 698/757/695
f 698/757/695 371/195/195 142/403/395
f 698/757/695 142/403/395 697/755/694
f 697/755/694 118/654/612 698/757/695
f 699/758/696 473/317/316 267/547/519
f 267/547/519 270/173/173 699/758/696
f 81/217/217 473/317/316 699/758/696
f 270/566/173 365/452/438 699/759/696
f 365/452/438 548/56/56 699/759/696
f 283/398/218 81/217/217 699/758/696
f 699/759/696 548/56/56 283/218/218
f 266/489/470 700/760/697 220/517/492
f 66/488/469 700/760/697 266/489/470
f 700/760/697 552/674/623 220/517/492
f 496/642/602 399/136/136 700/760/697
f 66/488/469 496/642/602 700/760/697
f 700/760/697 680/733/676 552/674/623
f 700/760/697 399/136/136 680/733/676
f 410/546/518 701/761/698 150/652/610
f 410/546/518 572/222/222 701/761/698
f 701/761/698 567/49/49 225/48/48
f 446/531/506 701/761/698 225/48/48
f 701/761/698 526/131/131 567/49/49
f 446/531/506 150/652/610 701/761/698
f 701/761/698 21/63/63 526/131/131
f 701/761/698 572/222/222 21/63/63
f 209/504/483 344/503/482 702/762/699
f 189/238/238 703/763/700 153/239/239
f 153/239/239 703/763/700 246/623/587
f 704/764/701 596/501/467 208/10/10
f 329/200/200 596/486/467 704/765/701
f 212/72/72 704/764/701 452/199/199
f 704/764/701 208/10/10 452/199/199
f 521/98/98 329/200/200 704/765/701
f 521/98/98 704/765/701 212/506/72
f 452/199/199 117/361/358 705/766/702
f 268/487/468 705/766/702 117/361/358
f 463/73/73 275/221/221 705/766/702
f 275/221/221 452/199/199 705/766/702
f 689/745/686 463/73/73 705/766/702
f 689/745/686 705/766/702 268/487/468
f 82/525/500 249/706/651 706/767/703
f 249/706/651 407/707/652 706/767/703
f 706/767/703 14/306/305 97/305/304
f 284/265/265 707/768/704 182/256/256
f 182/256/256 707/768/704 623/569/538
f 82/525/500 707/768/704 284/265/265
f 97/305/304 623/569/538 707/768/704
f 97/305/304 707/768/704 706/767/703
f 706/767/703 707/768/704 82/525/500
f 419/270/270 186/548/520 708/769/705
f 709/770/706 60/262/262 163/261/261
f 419/270/270 709/770/706 602/434/423
f 602/434/423 709/770/706 163/261/261
f 419/270/270 708/769/705 709/770/706
f 451/210/210 356/209/209 710/771/707
f 408/526/501 710/771/707 222/524/499
f 654/702/647 710/771/707 408/526/501
f 451/210/210 710/771/707 654/702/647
f 222/524/499 710/771/707 655/703/648
f 655/703/648 710/771/707 656/704/649
f 99/555/527 609/683/630 711/772/708
f 711/772/708 609/683/630 656/704/649
f 356/209/209 711/772/708 710/771/707
f 710/771/707 711/772/708 656/704/649
f 712/773/709 356/209/209 52/208/208
f 619/618/584 712/773/709 52/208/208
f 99/555/527 712/773/709 575/587/554
f 99/555/527 711/772/708 712/773/709
f 712/773/709 711/772/708 356/209/209
f 156/42/42 713/774/710 294/40/40
f 386/530/505 40/553/525 713/774/710
f 40/553/525 294/40/40 713/774/710
f 713/774/710 61/775/711 386/530/505
f 152/419/408 714/776/712 230/354/351
f 714/776/712 156/42/42 563/424/413
f 714/776/712 563/424/413 230/354/351
f 156/42/42 714/776/712 713/774/710
f 5/382/378 563/424/413 715/777/713
f 575/587/554 715/777/713 301/586/553
f 306/709/654 301/586/553 715/777/713
f 715/777/713 563/424/413 306/709/654
f 619/618/584 5/382/378 715/777/713
f 715/777/713 575/587/554 712/773/709
f 712/773/709 619/618/584 715/777/713
f 441/423/412 109/468/453 716/778/714
f 441/423/412 716/778/714 445/433/422
f 716/778/714 658/708/653 445/433/422
f 41/313/312 658/708/653 716/778/714
f 659/710/655 716/778/714 109/468/453
f 41/313/312 716/778/714 659/710/655
f 613/684/631 717/779/715 344/503/482
f 204/130/130 717/779/715 613/684/631
f 59/605/572 717/779/715 204/130/130
f 344/503/482 717/779/715 702/762/699
f 614/685/632 558/597/564 718/780/716
f 59/605/572 614/685/632 718/780/716
f 59/605/572 718/780/716 717/779/715
f 717/779/715 718/780/716 702/762/699
f 246/623/587 703/763/700 719/781/717
f 719/781/717 718/780/716 246/623/587
f 719/781/717 702/762/699 718/780/716
f 360/624/588 246/623/587 720/782/718
f 319/596/563 360/624/588 720/782/718
f 93/595/562 319/596/563 720/782/718
f 93/595/562 720/782/718 558/597/564
f 718/780/716 720/782/718 246/623/587
f 558/597/564 720/782/718 718/780/716
f 721/783/719 189/238/238 308/473/458
f 721/783/719 703/763/700 189/238/238
f 702/762/699 719/781/717 721/783/719
f 721/783/719 719/781/717 703/763/700
f 722/784/720 608/682/629 175/463/448
f 722/784/720 175/463/448 414/417/406
f 209/504/483 722/784/720 414/417/406
f 723/785/721 721/783/719 308/473/458
f 209/504/483 702/762/699 723/785/721
f 723/785/721 702/762/699 721/783/719
f 209/504/483 723/785/721 722/784/720
f 723/785/721 608/682/629 722/784/720
f 425/288/287 724/786/722 564/620/585
f 308/473/458 287/472/457 724/786/722
f 287/472/457 564/620/585 724/786/722
f 396/36/36 724/786/722 425/288/287
f 396/36/36 608/682/629 724/786/722
f 308/473/458 724/786/722 723/785/721
f 723/785/721 724/786/722 608/682/629
f 725/787/723 285/573/540 635/32/32
f 725/787/723 135/572/541 285/573/540
f 725/787/723 110/34/34 135/572/541
f 205/31/31 499/643/603 725/787/723
f 499/643/603 110/34/34 725/787/723
f 725/787/723 635/32/32 205/31/31
f 726/788/724 351/119/119 299/118/118
f 577/789/725 726/788/724 299/118/118
f 726/788/724 157/121/121 351/119/119
f 149/82/82 727/790/726 85/80/80
f 727/790/726 600/448/435 247/425/414
f 247/425/414 157/121/121 727/790/726
f 727/790/726 149/82/82 600/448/435
f 727/790/726 726/788/724 85/80/80
f 727/790/726 157/121/121 726/788/724
f 728/791/727 299/118/118 14/306/305
f 728/791/727 577/789/725 299/118/118
f 407/707/652 728/791/727 706/767/703
f 706/767/703 728/791/727 14/306/305
f 657/705/650 729/792/728 407/707/652
f 726/788/724 729/792/728 85/80/80
f 726/788/724 577/789/725 729/792/728
f 407/707/652 729/792/728 728/791/727
f 729/792/728 577/789/725 728/791/727
f 364/628/590 730/793/729 642/341/340
f 642/341/340 730/793/729 657/705/650
f 730/793/729 729/792/728 657/705/650
f 731/794/730 85/80/80 729/792/728
f 731/794/730 730/793/729 364/628/590
f 731/794/730 729/792/728 730/793/729
f 732/795/731 344/503/482 85/80/80
f 364/628/590 15/314/313 732/795/731
f 659/710/655 344/503/482 732/795/731
f 15/314/313 659/710/655 732/795/731
f 732/795/731 85/80/80 731/794/730
f 731/794/730 364/628/590 732/795/731
f 224/301/300 103/135/135 733/796/732
f 224/301/300 733/796/732 177/797/733
f 333/565/537 177/797/733 733/796/732
f 733/796/732 103/135/135 183/585/552
f 733/796/732 183/585/552 333/565/537
f 368/20/20 475/19/19 734/798/734
f 734/798/734 281/570/539 495/476/460
f 734/798/734 475/19/19 281/570/539
f 735/799/735 495/476/460 404/475/459
f 224/301/300 735/799/735 404/475/459
f 734/798/734 495/476/460 735/799/735
f 9/577/545 734/798/734 735/799/735
f 343/613/579 736/800/736 9/577/545
f 343/613/579 413/578/546 736/800/736
f 106/431/420 736/800/736 413/578/546
f 54/432/421 736/800/736 106/431/420
f 54/432/421 368/20/20 736/800/736
f 9/577/545 736/800/736 734/798/734
f 736/800/736 368/20/20 734/798/734
f 190/741/682 60/262/262 737/801/737
f 737/801/737 60/262/262 709/770/706
f 708/769/705 737/801/737 709/770/706
f 738/802/738 158/371/368 382/410/399
f 738/802/738 382/410/399 147/669/619
f 686/742/683 738/802/738 147/669/619
f 190/741/682 738/802/738 686/742/683
f 737/801/737 738/802/738 190/741/682
f 186/548/520 235/374/371 739/803/739
f 235/374/371 291/637/599 739/803/739
f 708/769/705 186/548/520 739/803/739
f 739/803/739 737/801/737 708/769/705
f 740/804/740 158/371/368 738/802/738
f 740/804/740 738/802/738 737/801/737
f 739/803/739 291/637/599 740/804/740
f 739/803/739 740/804/740 737/801/737
f 741/805/741 264/563/535 634/77/77
f 158/371/368 741/805/741 632/370/367
f 741/805/741 634/77/77 632/370/367
f 650/698/643 264/563/535 741/805/741
f 291/637/599 650/698/643 741/805/741
f 740/804/740 741/805/741 158/371/368
f 291/637/599 741/805/741 740/804/740
f 511/108/108 405/644/604 742/806/742
f 742/806/742 517/645/605 56/176/176
f 742/806/742 405/644/604 517/645/605
f 56/176/176 691/747/688 742/806/742
f 742/806/742 691/747/688 511/108/108
f 63/608/575 590/661/615 743/807/743
f 330/442/429 303/441/428 743/807/743
f 478/660/614 743/807/743 590/661/615
f 478/660/614 330/442/429 743/807/743
f 743/807/743 675/728/671 63/608/575
f 676/729/672 743/807/743 303/441/428
f 743/807/743 676/729/672 675/728/671
f 45/368/365 631/166/166 744/808/744
f 744/808/744 63/608/575 501/607/574
f 744/808/744 633/688/633 331/502/481
f 331/502/481 484/334/333 744/808/744
f 744/808/744 590/661/615 63/608/575
f 501/607/574 45/368/365 744/808/744
f 484/334/333 590/661/615 744/808/744
f 633/688/633 744/808/744 631/166/166
f 192/667/618 745/809/745 119/691/636
f 745/809/745 495/476/460 281/570/539
f 745/809/745 318/600/567 119/691/636
f 160/144/144 318/600/567 745/809/745
f 281/570/539 400/142/142 745/809/745
f 400/142/142 160/144/144 745/809/745
f 192/667/618 495/476/460 745/809/745
f 746/810/746 698/757/695 118/654/612
f 746/810/746 565/550/522 698/757/695
f 136/549/521 565/550/522 746/810/746
f 61/775/711 136/549/521 746/810/746
f 61/775/711 746/810/746 386/530/505
f 746/810/746 118/654/612 446/531/506
f 746/810/746 446/531/506 386/530/505
f 196/477/461 234/211/211 747/811/747
f 193/539/511 747/811/747 234/211/211
f 217/630/592 455/484/465 747/812/747
f 455/484/465 196/483/461 747/812/747
f 193/539/511 217/813/592 747/811/747
f 36/321/320 748/814/748 274/318/317
f 144/124/124 748/814/748 36/321/320
f 748/814/748 217/813/592 193/539/511
f 274/318/317 748/814/748 474/213/213
f 748/814/748 193/539/511 474/213/213
f 603/815/591 217/813/592 748/814/748
f 144/124/124 603/815/591 748/814/748
f 9/577/545 749/816/749 290/109/109
f 290/109/109 749/816/749 73/110/110
f 333/565/537 73/110/110 749/816/749
f 177/797/733 333/565/537 749/816/749
f 224/301/300 177/797/733 749/816/749
f 9/577/545 735/799/735 749/816/749
f 735/799/735 224/301/300 749/816/749
f 346/499/479 207/500/480 750/817/750
f 465/353/350 346/499/479 750/817/750
f 750/817/750 152/419/408 465/353/350
f 207/500/480 423/104/104 751/818/751
f 136/549/521 61/775/711 751/818/751
f 136/549/521 751/818/751 423/104/104
f 750/817/750 751/818/751 152/419/408
f 750/817/750 207/500/480 751/818/751
f 752/819/752 61/775/711 713/774/710
f 152/419/408 752/819/752 714/776/712
f 714/776/712 752/819/752 713/774/710
f 752/819/752 152/419/408 751/818/751
f 751/818/751 61/775/711 752/819/752
